0.000,2.207E-9,2.059E-9,2.147E-9,2.284E-9,2.396E-9,2.441E-9,2.410E-9,2.316E-9,2.184E-9,2.036E-9,1.886E-9,1.746E-9,1.618E-9,1.505E-9,1.405E-9,1.318E-9,1.242E-9,1.176E-9,1.119E-9,1.069E-9,1.025E-9,985.7E-12,951.3E-12,920.7E-12,893.5E-12,869.1E-12,847.2E-12,827.5E-12,809.7E-12,793.6E-12,778.9E-12,765.5E-12
12.00E-3,3.214E-9,3.070E-9,3.238E-9,3.463E-9,3.641E-9,3.713E-9,3.664E-9,3.520E-9,3.318E-9,3.091E-9,2.864E-9,2.650E-9,2.456E-9,2.283E-9,2.132E-9,2.000E-9,1.885E-9,1.785E-9,1.698E-9,1.622E-9,1.555E-9,1.495E-9,1.443E-9,1.397E-9,1.356E-9,1.319E-9,1.285E-9,1.255E-9,1.228E-9,1.204E-9,1.182E-9,1.161E-9
24.00E-3,4.677E-9,4.570E-9,4.870E-9,5.233E-9,5.511E-9,5.619E-9,5.543E-9,5.322E-9,5.013E-9,4.669E-9,4.325E-9,4.001E-9,3.708E-9,3.448E-9,3.219E-9,3.020E-9,2.847E-9,2.696E-9,2.564E-9,2.449E-9,2.348E-9,2.259E-9,2.180E-9,2.110E-9,2.048E-9,1.992E-9,1.942E-9,1.897E-9,1.856E-9,1.819E-9,1.785E-9,1.755E-9
36.00E-3,6.799E-9,6.790E-9,7.305E-9,7.878E-9,8.302E-9,8.458E-9,8.335E-9,7.995E-9,7.527E-9,7.008E-9,6.490E-9,6.005E-9,5.565E-9,5.175E-9,4.833E-9,4.535E-9,4.275E-9,4.049E-9,3.852E-9,3.680E-9,3.528E-9,3.395E-9,3.277E-9,3.172E-9,3.078E-9,2.995E-9,2.920E-9,2.852E-9,2.791E-9,2.735E-9,2.685E-9,2.639E-9
48.00E-3,9.874E-9,10.07E-9,10.92E-9,11.80E-9,12.43E-9,12.65E-9,12.45E-9,11.93E-9,11.22E-9,10.44E-9,9.671E-9,8.948E-9,8.294E-9,7.715E-9,7.207E-9,6.764E-9,6.379E-9,6.043E-9,5.751E-9,5.495E-9,5.270E-9,5.071E-9,4.896E-9,4.740E-9,4.601E-9,4.477E-9,4.365E-9,4.265E-9,4.174E-9,4.091E-9,4.016E-9,3.948E-9
60.00E-3,14.32E-9,14.89E-9,16.26E-9,17.59E-9,18.51E-9,18.79E-9,18.45E-9,17.65E-9,16.60E-9,15.44E-9,14.30E-9,13.23E-9,12.27E-9,11.41E-9,10.67E-9,10.02E-9,9.450E-9,8.957E-9,8.526E-9,8.149E-9,7.818E-9,7.526E-9,7.268E-9,7.038E-9,6.833E-9,6.650E-9,6.486E-9,6.337E-9,6.203E-9,6.081E-9,5.971E-9,5.870E-9
72.00E-3,20.74E-9,21.95E-9,24.10E-9,26.07E-9,27.35E-9,27.69E-9,27.12E-9,25.91E-9,24.33E-9,22.63E-9,20.96E-9,19.40E-9,17.99E-9,16.75E-9,15.66E-9,14.72E-9,13.89E-9,13.17E-9,12.54E-9,11.99E-9,11.51E-9,11.09E-9,10.71E-9,10.37E-9,10.08E-9,9.809E-9,9.568E-9,9.351E-9,9.156E-9,8.978E-9,8.816E-9,8.669E-9
84.00E-3,29.98E-9,32.24E-9,35.52E-9,38.36E-9,40.10E-9,40.45E-9,39.52E-9,37.68E-9,35.35E-9,32.87E-9,30.44E-9,28.19E-9,26.16E-9,24.37E-9,22.80E-9,21.43E-9,20.24E-9,19.21E-9,18.30E-9,17.51E-9,16.81E-9,16.20E-9,15.66E-9,15.17E-9,14.74E-9,14.35E-9,14.01E-9,13.69E-9,13.41E-9,13.15E-9,12.92E-9,12.71E-9
96.00E-3,43.24E-9,47.18E-9,52.06E-9,56.03E-9,58.31E-9,58.57E-9,57.05E-9,54.29E-9,50.88E-9,47.29E-9,43.80E-9,40.57E-9,37.68E-9,35.12E-9,32.89E-9,30.94E-9,29.24E-9,27.76E-9,26.47E-9,25.34E-9,24.35E-9,23.47E-9,22.70E-9,22.00E-9,21.39E-9,20.83E-9,20.34E-9,19.89E-9,19.48E-9,19.12E-9,18.78E-9,18.47E-9
108.0E-3,62.23E-9,68.72E-9,75.80E-9,81.19E-9,84.03E-9,84.02E-9,81.56E-9,77.46E-9,72.52E-9,67.38E-9,62.42E-9,57.85E-9,53.76E-9,50.15E-9,47.00E-9,44.25E-9,41.85E-9,39.77E-9,37.95E-9,36.35E-9,34.95E-9,33.71E-9,32.61E-9,31.63E-9,30.76E-9,29.98E-9,29.27E-9,28.64E-9,28.06E-9,27.54E-9,27.07E-9,26.63E-9
120.0E-3,89.31E-9,99.57E-9,109.6E-9,116.6E-9,120.0E-9,119.4E-9,115.5E-9,109.4E-9,102.4E-9,95.08E-9,88.10E-9,81.70E-9,75.98E-9,70.93E-9,66.53E-9,62.69E-9,59.35E-9,56.44E-9,53.89E-9,51.66E-9,49.70E-9,47.97E-9,46.43E-9,45.06E-9,43.84E-9,42.74E-9,41.76E-9,40.87E-9,40.06E-9,39.33E-9,38.67E-9,38.06E-9
132.0E-3,127.8E-9,143.5E-9,157.2E-9,166.1E-9,169.7E-9,168.0E-9,161.9E-9,153.2E-9,143.1E-9,132.9E-9,123.2E-9,114.3E-9,106.4E-9,99.39E-9,93.30E-9,88.00E-9,83.38E-9,79.36E-9,75.84E-9,72.75E-9,70.04E-9,67.64E-9,65.51E-9,63.62E-9,61.92E-9,60.40E-9,59.04E-9,57.80E-9,56.69E-9,55.67E-9,54.75E-9,53.91E-9
144.0E-3,182.1E-9,205.4E-9,223.6E-9,234.5E-9,237.9E-9,234.2E-9,224.9E-9,212.3E-9,198.1E-9,184.0E-9,170.6E-9,158.4E-9,147.5E-9,138.0E-9,129.6E-9,122.4E-9,116.1E-9,110.6E-9,105.7E-9,101.5E-9,97.80E-9,94.51E-9,91.59E-9,89.00E-9,86.67E-9,84.59E-9,82.72E-9,81.02E-9,79.49E-9,78.10E-9,76.83E-9,75.67E-9
156.0E-3,258.5E-9,292.1E-9,315.6E-9,328.0E-9,330.2E-9,323.3E-9,309.4E-9,291.4E-9,271.7E-9,252.2E-9,233.9E-9,217.3E-9,202.6E-9,189.7E-9,178.4E-9,168.6E-9,160.0E-9,152.6E-9,146.1E-9,140.4E-9,135.3E-9,130.9E-9,126.9E-9,123.4E-9,120.2E-9,117.4E-9,114.9E-9,112.6E-9,110.5E-9,108.6E-9,106.9E-9,105.3E-9
168.0E-3,365.3E-9,412.4E-9,441.5E-9,454.6E-9,454.1E-9,442.0E-9,421.3E-9,395.9E-9,368.8E-9,342.3E-9,317.6E-9,295.3E-9,275.6E-9,258.3E-9,243.2E-9,230.0E-9,218.6E-9,208.6E-9,199.9E-9,192.2E-9,185.5E-9,179.5E-9,174.2E-9,169.5E-9,165.2E-9,161.4E-9,158.0E-9,154.9E-9,152.1E-9,149.6E-9,147.3E-9,145.2E-9
180.0E-3,513.7E-9,577.9E-9,612.5E-9,624.2E-9,618.3E-9,598.1E-9,567.9E-9,532.4E-9,495.4E-9,459.7E-9,426.8E-9,397.1E-9,371.0E-9,348.1E-9,328.1E-9,310.8E-9,295.6E-9,282.4E-9,270.9E-9,260.8E-9,251.8E-9,243.9E-9,236.9E-9,230.6E-9,225.0E-9,219.9E-9,215.4E-9,211.3E-9,207.6E-9,204.2E-9,201.1E-9,198.3E-9
192.0E-3,718.6E-9,803.8E-9,842.1E-9,848.8E-9,833.4E-9,800.9E-9,757.2E-9,708.0E-9,658.2E-9,610.7E-9,567.1E-9,528.3E-9,494.0E-9,464.1E-9,438.0E-9,415.4E-9,395.7E-9,378.4E-9,363.3E-9,350.1E-9,338.4E-9,328.0E-9,318.8E-9,310.6E-9,303.3E-9,296.7E-9,290.7E-9,285.3E-9,280.5E-9,276.0E-9,272.0E-9,268.3E-9
204.0E-3,999.4E-9,1.109E-6,1.147E-6,1.143E-6,1.111E-6,1.060E-6,997.8E-9,930.5E-9,864.0E-9,801.5E-9,744.9E-9,694.5E-9,650.3E-9,611.7E-9,578.1E-9,549.0E-9,523.6E-9,501.4E-9,482.0E-9,464.9E-9,449.8E-9,436.5E-9,424.6E-9,414.0E-9,404.5E-9,396.0E-9,388.3E-9,381.3E-9,375.0E-9,369.3E-9,364.0E-9,359.2E-9
216.0E-3,1.382E-6,1.518E-6,1.548E-6,1.522E-6,1.464E-6,1.387E-6,1.299E-6,1.208E-6,1.120E-6,1.039E-6,966.2E-9,901.8E-9,845.4E-9,796.4E-9,753.9E-9,716.9E-9,684.7E-9,656.6E-9,631.9E-9,610.2E-9,591.1E-9,574.1E-9,559.1E-9,545.6E-9,533.5E-9,522.6E-9,512.8E-9,504.0E-9,495.9E-9,488.6E-9,481.9E-9,475.8E-9
228.0E-3,1.898E-6,2.060E-6,2.067E-6,2.004E-6,1.907E-6,1.791E-6,1.669E-6,1.548E-6,1.433E-6,1.330E-6,1.237E-6,1.156E-6,1.085E-6,1.024E-6,970.6E-9,924.4E-9,884.1E-9,849.0E-9,818.2E-9,791.2E-9,767.2E-9,746.0E-9,727.1E-9,710.3E-9,695.2E-9,681.5E-9,669.3E-9,658.1E-9,648.0E-9,638.9E-9,630.5E-9,622.8E-9
240.0E-3,2.591E-6,2.770E-6,2.731E-6,2.606E-6,2.451E-6,2.284E-6,2.116E-6,1.957E-6,1.810E-6,1.679E-6,1.563E-6,1.462E-6,1.375E-6,1.299E-6,1.233E-6,1.176E-6,1.127E-6,1.084E-6,1.046E-6,1.013E-6,983.2E-9,957.1E-9,933.8E-9,913.0E-9,894.4E-9,877.6E-9,862.5E-9,848.8E-9,836.3E-9,825.0E-9,814.6E-9,805.2E-9
252.0E-3,3.512E-6,3.688E-6,3.564E-6,3.346E-6,3.108E-6,2.872E-6,2.648E-6,2.441E-6,2.255E-6,2.092E-6,1.949E-6,1.825E-6,1.718E-6,1.626E-6,1.546E-6,1.477E-6,1.418E-6,1.365E-6,1.319E-6,1.279E-6,1.243E-6,1.212E-6,1.184E-6,1.158E-6,1.136E-6,1.116E-6,1.097E-6,1.081E-6,1.065E-6,1.052E-6,1.039E-6,1.028E-6
264.0E-3,4.726E-6,4.860E-6,4.595E-6,4.240E-6,3.890E-6,3.564E-6,3.269E-6,3.005E-6,2.773E-6,2.572E-6,2.398E-6,2.248E-6,2.119E-6,2.009E-6,1.914E-6,1.831E-6,1.760E-6,1.697E-6,1.642E-6,1.594E-6,1.552E-6,1.514E-6,1.480E-6,1.450E-6,1.424E-6,1.399E-6,1.377E-6,1.358E-6,1.339E-6,1.323E-6,1.308E-6,1.294E-6
276.0E-3,6.310E-6,6.330E-6,5.848E-6,5.301E-6,4.804E-6,4.366E-6,3.984E-6,3.652E-6,3.367E-6,3.122E-6,2.912E-6,2.734E-6,2.581E-6,2.450E-6,2.337E-6,2.240E-6,2.156E-6,2.082E-6,2.018E-6,1.961E-6,1.911E-6,1.867E-6,1.828E-6,1.792E-6,1.761E-6,1.732E-6,1.706E-6,1.683E-6,1.662E-6,1.643E-6,1.625E-6,1.609E-6
288.0E-3,8.352E-6,8.146E-6,7.343E-6,6.541E-6,5.855E-6,5.279E-6,4.794E-6,4.384E-6,4.037E-6,3.743E-6,3.495E-6,3.284E-6,3.104E-6,2.951E-6,2.820E-6,2.706E-6,2.608E-6,2.523E-6,2.448E-6,2.383E-6,2.325E-6,2.273E-6,2.228E-6,2.187E-6,2.150E-6,2.117E-6,2.087E-6,2.060E-6,2.036E-6,2.013E-6,1.993E-6,1.974E-6
300.0E-3,10.95E-6,10.35E-6,9.099E-6,7.965E-6,7.048E-6,6.307E-6,5.702E-6,5.202E-6,4.785E-6,4.437E-6,4.145E-6,3.899E-6,3.691E-6,3.513E-6,3.362E-6,3.231E-6,3.118E-6,3.020E-6,2.934E-6,2.859E-6,2.793E-6,2.734E-6,2.682E-6,2.635E-6,2.593E-6,2.555E-6,2.521E-6,2.490E-6,2.463E-6,2.437E-6,2.414E-6,2.393E-6
312.0E-3,14.21E-6,12.98E-6,11.13E-6,9.580E-6,8.383E-6,7.450E-6,6.707E-6,6.104E-6,5.611E-6,5.203E-6,4.864E-6,4.579E-6,4.340E-6,4.136E-6,3.963E-6,3.814E-6,3.686E-6,3.575E-6,3.477E-6,3.392E-6,3.317E-6,3.250E-6,3.191E-6,3.138E-6,3.091E-6,3.048E-6,3.010E-6,2.975E-6,2.944E-6,2.915E-6,2.889E-6,2.865E-6
324.0E-3,18.24E-6,16.07E-6,13.44E-6,11.38E-6,9.860E-6,8.706E-6,7.807E-6,7.092E-6,6.513E-6,6.040E-6,5.649E-6,5.324E-6,5.051E-6,4.820E-6,4.624E-6,4.456E-6,4.312E-6,4.186E-6,4.077E-6,3.981E-6,3.897E-6,3.822E-6,3.756E-6,3.697E-6,3.644E-6,3.596E-6,3.553E-6,3.514E-6,3.479E-6,3.447E-6,3.418E-6,3.391E-6
336.0E-3,23.14E-6,19.63E-6,16.03E-6,13.38E-6,11.48E-6,10.07E-6,9.001E-6,8.162E-6,7.491E-6,6.947E-6,6.501E-6,6.132E-6,5.824E-6,5.564E-6,5.344E-6,5.156E-6,4.994E-6,4.854E-6,4.732E-6,4.626E-6,4.532E-6,4.449E-6,4.376E-6,4.310E-6,4.252E-6,4.199E-6,4.151E-6,4.109E-6,4.070E-6,4.034E-6,4.002E-6,3.973E-6
348.0E-3,28.98E-6,23.68E-6,18.91E-6,15.56E-6,13.23E-6,11.55E-6,10.29E-6,9.313E-6,8.542E-6,7.923E-6,7.418E-6,7.003E-6,6.657E-6,6.367E-6,6.122E-6,5.913E-6,5.733E-6,5.578E-6,5.443E-6,5.326E-6,5.222E-6,5.131E-6,5.050E-6,4.978E-6,4.914E-6,4.856E-6,4.804E-6,4.757E-6,4.714E-6,4.676E-6,4.641E-6,4.609E-6
360.0E-3,35.86E-6,28.22E-6,22.06E-6,17.92E-6,15.12E-6,13.13E-6,11.66E-6,10.54E-6,9.665E-6,8.965E-6,8.398E-6,7.934E-6,7.549E-6,7.227E-6,6.956E-6,6.725E-6,6.527E-6,6.357E-6,6.209E-6,6.080E-6,5.966E-6,5.867E-6,5.778E-6,5.699E-6,5.629E-6,5.566E-6,5.510E-6,5.459E-6,5.412E-6,5.371E-6,5.333E-6,5.298E-6
372.0E-3,43.80E-6,33.24E-6,25.48E-6,20.46E-6,17.14E-6,14.82E-6,13.13E-6,11.85E-6,10.86E-6,10.07E-6,9.440E-6,8.924E-6,8.499E-6,8.144E-6,7.845E-6,7.592E-6,7.375E-6,7.189E-6,7.027E-6,6.887E-6,6.763E-6,6.655E-6,6.559E-6,6.473E-6,6.397E-6,6.329E-6,6.268E-6,6.213E-6,6.163E-6,6.118E-6,6.077E-6,6.040E-6
384.0E-3,52.84E-6,38.75E-6,29.17E-6,23.18E-6,19.28E-6,16.60E-6,14.67E-6,13.23E-6,12.12E-6,11.24E-6,10.54E-6,9.973E-6,9.505E-6,9.115E-6,8.788E-6,8.512E-6,8.276E-6,8.073E-6,7.898E-6,7.745E-6,7.612E-6,7.494E-6,7.391E-6,7.299E-6,7.217E-6,7.144E-6,7.078E-6,7.019E-6,6.965E-6,6.917E-6,6.873E-6,6.833E-6
396.0E-3,62.98E-6,44.71E-6,33.10E-6,26.05E-6,21.54E-6,18.49E-6,16.30E-6,14.68E-6,13.45E-6,12.48E-6,11.70E-6,11.08E-6,10.57E-6,10.14E-6,9.784E-6,9.484E-6,9.228E-6,9.009E-6,8.819E-6,8.654E-6,8.511E-6,8.384E-6,8.273E-6,8.174E-6,8.087E-6,8.008E-6,7.938E-6,7.875E-6,7.818E-6,7.766E-6,7.720E-6,7.677E-6
408.0E-3,74.21E-6,51.12E-6,37.28E-6,29.09E-6,23.93E-6,20.46E-6,18.01E-6,16.21E-6,14.84E-6,13.77E-6,12.92E-6,12.24E-6,11.68E-6,11.22E-6,10.83E-6,10.51E-6,10.23E-6,9.994E-6,9.790E-6,9.613E-6,9.459E-6,9.324E-6,9.205E-6,9.099E-6,9.005E-6,8.922E-6,8.847E-6,8.780E-6,8.719E-6,8.665E-6,8.615E-6,8.571E-6
420.0E-3,86.49E-6,57.95E-6,41.70E-6,32.27E-6,26.42E-6,22.53E-6,19.80E-6,17.80E-6,16.29E-6,15.12E-6,14.20E-6,13.45E-6,12.85E-6,12.35E-6,11.93E-6,11.58E-6,11.28E-6,11.03E-6,10.81E-6,10.62E-6,10.46E-6,10.31E-6,10.18E-6,10.07E-6,9.972E-6,9.884E-6,9.804E-6,9.733E-6,9.669E-6,9.612E-6,9.560E-6,9.512E-6
432.0E-3,99.78E-6,65.19E-6,46.33E-6,35.61E-6,29.02E-6,24.69E-6,21.66E-6,19.46E-6,17.81E-6,16.53E-6,15.52E-6,14.72E-6,14.06E-6,13.52E-6,13.08E-6,12.70E-6,12.38E-6,12.11E-6,11.88E-6,11.67E-6,11.50E-6,11.35E-6,11.21E-6,11.09E-6,10.99E-6,10.89E-6,10.81E-6,10.73E-6,10.67E-6,10.61E-6,10.55E-6,10.50E-6
444.0E-3,114.0E-6,72.81E-6,51.18E-6,39.09E-6,31.73E-6,26.93E-6,23.60E-6,21.19E-6,19.38E-6,17.99E-6,16.91E-6,16.03E-6,15.33E-6,14.75E-6,14.27E-6,13.87E-6,13.53E-6,13.24E-6,12.99E-6,12.77E-6,12.59E-6,12.43E-6,12.28E-6,12.16E-6,12.05E-6,11.95E-6,11.86E-6,11.78E-6,11.71E-6,11.65E-6,11.59E-6,11.54E-6
456.0E-3,129.2E-6,80.79E-6,56.23E-6,42.70E-6,34.55E-6,29.25E-6,25.60E-6,22.98E-6,21.02E-6,19.51E-6,18.34E-6,17.40E-6,16.65E-6,16.03E-6,15.51E-6,15.08E-6,14.72E-6,14.41E-6,14.15E-6,13.92E-6,13.72E-6,13.55E-6,13.40E-6,13.27E-6,13.15E-6,13.05E-6,12.95E-6,12.87E-6,12.80E-6,12.73E-6,12.67E-6,12.62E-6
468.0E-3,145.2E-6,89.12E-6,61.48E-6,46.45E-6,37.46E-6,31.66E-6,27.68E-6,24.83E-6,22.71E-6,21.09E-6,19.82E-6,18.82E-6,18.01E-6,17.35E-6,16.80E-6,16.34E-6,15.96E-6,15.63E-6,15.35E-6,15.11E-6,14.90E-6,14.72E-6,14.56E-6,14.42E-6,14.30E-6,14.19E-6,14.09E-6,14.01E-6,13.93E-6,13.86E-6,13.80E-6,13.74E-6
480.0E-3,162.0E-6,97.77E-6,66.92E-6,50.32E-6,40.47E-6,34.14E-6,29.82E-6,26.74E-6,24.45E-6,22.71E-6,21.36E-6,20.28E-6,19.42E-6,18.71E-6,18.13E-6,17.65E-6,17.24E-6,16.89E-6,16.60E-6,16.34E-6,16.12E-6,15.93E-6,15.77E-6,15.62E-6,15.49E-6,15.38E-6,15.28E-6,15.19E-6,15.11E-6,15.03E-6,14.97E-6,14.91E-6
492.0E-3,179.5E-6,106.7E-6,72.54E-6,54.32E-6,43.57E-6,36.70E-6,32.03E-6,28.71E-6,26.25E-6,24.39E-6,22.94E-6,21.79E-6,20.87E-6,20.12E-6,19.51E-6,18.99E-6,18.56E-6,18.20E-6,17.89E-6,17.62E-6,17.39E-6,17.19E-6,17.01E-6,16.86E-6,16.73E-6,16.61E-6,16.50E-6,16.41E-6,16.33E-6,16.25E-6,16.18E-6,16.12E-6
504.0E-3,197.7E-6,116.0E-6,78.33E-6,58.44E-6,46.77E-6,39.34E-6,34.31E-6,30.73E-6,28.10E-6,26.11E-6,24.57E-6,23.35E-6,22.37E-6,21.58E-6,20.93E-6,20.38E-6,19.93E-6,19.55E-6,19.22E-6,18.94E-6,18.70E-6,18.49E-6,18.30E-6,18.14E-6,18.00E-6,17.88E-6,17.77E-6,17.67E-6,17.59E-6,17.51E-6,17.44E-6,17.38E-6
516.0E-3,216.5E-6,125.6E-6,84.29E-6,62.68E-6,50.06E-6,42.05E-6,36.64E-6,32.82E-6,30.01E-6,27.89E-6,26.25E-6,24.95E-6,23.92E-6,23.08E-6,22.39E-6,21.82E-6,21.34E-6,20.93E-6,20.59E-6,20.30E-6,20.04E-6,19.82E-6,19.63E-6,19.47E-6,19.32E-6,19.19E-6,19.08E-6,18.98E-6,18.89E-6,18.81E-6,18.74E-6,18.67E-6
528.0E-3,235.9E-6,135.4E-6,90.42E-6,67.03E-6,53.43E-6,44.83E-6,39.04E-6,34.96E-6,31.97E-6,29.71E-6,27.97E-6,26.60E-6,25.51E-6,24.62E-6,23.89E-6,23.29E-6,22.79E-6,22.36E-6,22.00E-6,21.70E-6,21.43E-6,21.20E-6,21.00E-6,20.83E-6,20.68E-6,20.55E-6,20.43E-6,20.32E-6,20.23E-6,20.15E-6,20.08E-6,20.01E-6
540.0E-3,255.8E-6,145.4E-6,96.70E-6,71.49E-6,56.88E-6,47.68E-6,41.50E-6,37.15E-6,33.97E-6,31.58E-6,29.74E-6,28.29E-6,27.14E-6,26.20E-6,25.44E-6,24.81E-6,24.28E-6,23.83E-6,23.46E-6,23.13E-6,22.86E-6,22.62E-6,22.41E-6,22.23E-6,22.08E-6,21.94E-6,21.82E-6,21.71E-6,21.61E-6,21.53E-6,21.45E-6,21.39E-6
552.0E-3,276.3E-6,155.8E-6,103.1E-6,76.06E-6,60.42E-6,50.60E-6,44.02E-6,39.40E-6,36.03E-6,33.49E-6,31.55E-6,30.02E-6,28.81E-6,27.82E-6,27.02E-6,26.36E-6,25.81E-6,25.34E-6,24.95E-6,24.61E-6,24.33E-6,24.08E-6,23.86E-6,23.68E-6,23.51E-6,23.37E-6,23.24E-6,23.13E-6,23.03E-6,22.95E-6,22.87E-6,22.80E-6
564.0E-3,297.2E-6,166.3E-6,109.7E-6,80.72E-6,64.04E-6,53.58E-6,46.60E-6,41.70E-6,38.13E-6,35.45E-6,33.40E-6,31.80E-6,30.52E-6,29.49E-6,28.65E-6,27.95E-6,27.37E-6,26.89E-6,26.48E-6,26.13E-6,25.83E-6,25.57E-6,25.35E-6,25.16E-6,24.99E-6,24.84E-6,24.71E-6,24.60E-6,24.49E-6,24.40E-6,24.33E-6,24.26E-6
576.0E-3,318.6E-6,177.1E-6,116.4E-6,85.49E-6,67.74E-6,56.63E-6,49.23E-6,44.04E-6,40.28E-6,37.46E-6,35.30E-6,33.61E-6,32.27E-6,31.19E-6,30.31E-6,29.58E-6,28.98E-6,28.47E-6,28.05E-6,27.68E-6,27.37E-6,27.10E-6,26.87E-6,26.67E-6,26.50E-6,26.35E-6,26.21E-6,26.10E-6,25.99E-6,25.90E-6,25.82E-6,25.75E-6
588.0E-3,340.4E-6,188.1E-6,123.3E-6,90.36E-6,71.51E-6,59.74E-6,51.91E-6,46.44E-6,42.47E-6,39.51E-6,37.24E-6,35.46E-6,34.06E-6,32.93E-6,32.01E-6,31.25E-6,30.62E-6,30.09E-6,29.65E-6,29.27E-6,28.95E-6,28.67E-6,28.43E-6,28.23E-6,28.05E-6,27.89E-6,27.75E-6,27.63E-6,27.53E-6,27.43E-6,27.35E-6,27.28E-6
600.0E-3,362.6E-6,199.3E-6,130.3E-6,95.32E-6,75.36E-6,62.92E-6,54.65E-6,48.89E-6,44.71E-6,41.60E-6,39.21E-6,37.36E-6,35.89E-6,34.71E-6,33.74E-6,32.96E-6,32.30E-6,31.75E-6,31.29E-6,30.90E-6,30.56E-6,30.28E-6,30.03E-6,29.82E-6,29.63E-6,29.47E-6,29.33E-6,29.21E-6,29.10E-6,29.00E-6,28.92E-6,28.84E-6
612.0E-3,385.2E-6,210.7E-6,137.4E-6,100.4E-6,79.27E-6,66.15E-6,57.44E-6,51.38E-6,46.99E-6,43.73E-6,41.23E-6,39.29E-6,37.75E-6,36.52E-6,35.52E-6,34.70E-6,34.01E-6,33.44E-6,32.97E-6,32.56E-6,32.21E-6,31.92E-6,31.66E-6,31.44E-6,31.25E-6,31.09E-6,30.94E-6,30.82E-6,30.70E-6,30.61E-6,30.52E-6,30.45E-6
624.0E-3,408.1E-6,222.3E-6,144.6E-6,105.5E-6,83.26E-6,69.44E-6,60.29E-6,53.92E-6,49.32E-6,45.90E-6,43.29E-6,41.26E-6,39.66E-6,38.37E-6,37.33E-6,36.47E-6,35.76E-6,35.17E-6,34.68E-6,34.26E-6,33.90E-6,33.59E-6,33.33E-6,33.10E-6,32.91E-6,32.74E-6,32.59E-6,32.46E-6,32.35E-6,32.25E-6,32.16E-6,32.08E-6
636.0E-3,431.3E-6,234.1E-6,152.0E-6,110.8E-6,87.32E-6,72.79E-6,63.18E-6,56.50E-6,51.69E-6,48.11E-6,45.38E-6,43.27E-6,41.59E-6,40.26E-6,39.17E-6,38.28E-6,37.55E-6,36.94E-6,36.42E-6,35.99E-6,35.62E-6,35.30E-6,35.03E-6,34.80E-6,34.60E-6,34.42E-6,34.27E-6,34.14E-6,34.02E-6,33.92E-6,33.83E-6,33.76E-6
648.0E-3,454.9E-6,246.1E-6,159.5E-6,116.1E-6,91.44E-6,76.19E-6,66.12E-6,59.13E-6,54.09E-6,50.36E-6,47.51E-6,45.31E-6,43.57E-6,42.18E-6,41.05E-6,40.13E-6,39.37E-6,38.73E-6,38.20E-6,37.75E-6,37.37E-6,37.05E-6,36.77E-6,36.53E-6,36.32E-6,36.14E-6,35.99E-6,35.85E-6,35.73E-6,35.63E-6,35.54E-6,35.46E-6
660.0E-3,478.7E-6,258.2E-6,167.1E-6,121.5E-6,95.62E-6,79.65E-6,69.10E-6,61.80E-6,56.54E-6,52.64E-6,49.68E-6,47.38E-6,45.57E-6,44.13E-6,42.96E-6,42.00E-6,41.22E-6,40.56E-6,40.01E-6,39.55E-6,39.16E-6,38.82E-6,38.53E-6,38.29E-6,38.08E-6,37.89E-6,37.74E-6,37.60E-6,37.48E-6,37.37E-6,37.28E-6,37.20E-6
672.0E-3,502.9E-6,270.5E-6,174.8E-6,126.9E-6,99.87E-6,83.15E-6,72.14E-6,64.51E-6,59.03E-6,54.96E-6,51.88E-6,49.49E-6,47.62E-6,46.12E-6,44.90E-6,43.91E-6,43.10E-6,42.42E-6,41.85E-6,41.38E-6,40.97E-6,40.63E-6,40.33E-6,40.08E-6,39.87E-6,39.68E-6,39.52E-6,39.38E-6,39.26E-6,39.15E-6,39.06E-6,38.98E-6
684.0E-3,527.3E-6,283.0E-6,182.6E-6,132.5E-6,104.2E-6,86.71E-6,75.21E-6,67.26E-6,61.55E-6,57.32E-6,54.12E-6,51.64E-6,49.69E-6,48.13E-6,46.88E-6,45.85E-6,45.01E-6,44.31E-6,43.73E-6,43.24E-6,42.82E-6,42.47E-6,42.17E-6,41.91E-6,41.69E-6,41.49E-6,41.33E-6,41.19E-6,41.06E-6,40.96E-6,40.86E-6,40.78E-6
696.0E-3,552.0E-6,295.6E-6,190.5E-6,138.1E-6,108.5E-6,90.32E-6,78.33E-6,70.05E-6,64.11E-6,59.71E-6,56.39E-6,53.81E-6,51.79E-6,50.18E-6,48.88E-6,47.83E-6,46.96E-6,46.23E-6,45.63E-6,45.13E-6,44.70E-6,44.34E-6,44.03E-6,43.76E-6,43.54E-6,43.34E-6,43.17E-6,43.03E-6,42.90E-6,42.79E-6,42.70E-6,42.62E-6
708.0E-3,576.9E-6,308.4E-6,198.5E-6,143.8E-6,113.0E-6,93.97E-6,81.49E-6,72.88E-6,66.70E-6,62.14E-6,58.69E-6,56.02E-6,53.93E-6,52.26E-6,50.92E-6,49.83E-6,48.93E-6,48.19E-6,47.57E-6,47.05E-6,46.61E-6,46.24E-6,45.92E-6,45.65E-6,45.42E-6,45.22E-6,45.05E-6,44.90E-6,44.77E-6,44.66E-6,44.57E-6,44.49E-6
720.0E-3,602.0E-6,321.3E-6,206.6E-6,149.6E-6,117.4E-6,97.67E-6,84.69E-6,75.74E-6,69.33E-6,64.60E-6,61.02E-6,58.26E-6,56.09E-6,54.37E-6,52.99E-6,51.86E-6,50.93E-6,50.17E-6,49.53E-6,49.00E-6,48.55E-6,48.16E-6,47.84E-6,47.56E-6,47.33E-6,47.13E-6,46.95E-6,46.80E-6,46.67E-6,46.56E-6,46.47E-6,46.39E-6
732.0E-3,627.4E-6,334.3E-6,214.7E-6,155.4E-6,122.0E-6,101.4E-6,87.93E-6,78.64E-6,71.99E-6,67.09E-6,63.38E-6,60.53E-6,58.29E-6,56.51E-6,55.08E-6,53.92E-6,52.97E-6,52.18E-6,51.52E-6,50.97E-6,50.51E-6,50.12E-6,49.79E-6,49.51E-6,49.27E-6,49.06E-6,48.88E-6,48.73E-6,48.60E-6,48.49E-6,48.40E-6,48.31E-6
744.0E-3,653.0E-6,347.4E-6,223.0E-6,161.3E-6,126.5E-6,105.2E-6,91.21E-6,81.57E-6,74.69E-6,69.61E-6,65.78E-6,62.82E-6,60.51E-6,58.68E-6,57.20E-6,56.01E-6,55.03E-6,54.22E-6,53.54E-6,52.98E-6,52.51E-6,52.11E-6,51.77E-6,51.48E-6,51.23E-6,51.02E-6,50.85E-6,50.69E-6,50.56E-6,50.45E-6,50.35E-6,50.27E-6
756.0E-3,678.7E-6,360.7E-6,231.3E-6,167.2E-6,131.2E-6,109.0E-6,94.52E-6,84.54E-6,77.41E-6,72.16E-6,68.20E-6,65.15E-6,62.76E-6,60.87E-6,59.35E-6,58.12E-6,57.11E-6,56.28E-6,55.59E-6,55.01E-6,54.53E-6,54.12E-6,53.77E-6,53.48E-6,53.23E-6,53.02E-6,52.83E-6,52.68E-6,52.55E-6,52.43E-6,52.34E-6,52.25E-6
768.0E-3,704.7E-6,374.1E-6,239.8E-6,173.2E-6,135.8E-6,112.9E-6,97.87E-6,87.54E-6,80.16E-6,74.74E-6,70.65E-6,67.50E-6,65.04E-6,63.09E-6,61.53E-6,60.26E-6,59.22E-6,58.37E-6,57.66E-6,57.07E-6,56.57E-6,56.16E-6,55.80E-6,55.50E-6,55.25E-6,55.03E-6,54.85E-6,54.69E-6,54.56E-6,54.44E-6,54.35E-6,54.26E-6
780.0E-3,730.8E-6,387.6E-6,248.2E-6,179.3E-6,140.6E-6,116.8E-6,101.2E-6,90.57E-6,82.95E-6,77.34E-6,73.12E-6,69.88E-6,67.34E-6,65.34E-6,63.73E-6,62.42E-6,61.36E-6,60.48E-6,59.76E-6,59.15E-6,58.64E-6,58.22E-6,57.86E-6,57.55E-6,57.29E-6,57.08E-6,56.89E-6,56.73E-6,56.60E-6,56.48E-6,56.38E-6,56.30E-6
792.0E-3,757.1E-6,401.2E-6,256.8E-6,185.4E-6,145.3E-6,120.7E-6,104.7E-6,93.63E-6,85.76E-6,79.97E-6,75.62E-6,72.28E-6,69.67E-6,67.60E-6,65.95E-6,64.61E-6,63.52E-6,62.62E-6,61.88E-6,61.26E-6,60.74E-6,60.30E-6,59.94E-6,59.63E-6,59.37E-6,59.14E-6,58.95E-6,58.79E-6,58.66E-6,58.54E-6,58.45E-6,58.36E-6
804.0E-3,783.5E-6,414.9E-6,265.4E-6,191.6E-6,150.1E-6,124.7E-6,108.1E-6,96.71E-6,88.59E-6,82.63E-6,78.14E-6,74.70E-6,72.02E-6,69.89E-6,68.20E-6,66.82E-6,65.70E-6,64.78E-6,64.02E-6,63.39E-6,62.86E-6,62.41E-6,62.04E-6,61.73E-6,61.46E-6,61.23E-6,61.04E-6,60.88E-6,60.74E-6,60.63E-6,60.53E-6,60.45E-6
816.0E-3,810.1E-6,428.6E-6,274.1E-6,197.8E-6,154.9E-6,128.7E-6,111.6E-6,99.82E-6,91.45E-6,85.31E-6,80.69E-6,77.15E-6,74.39E-6,72.21E-6,70.46E-6,69.06E-6,67.91E-6,66.96E-6,66.19E-6,65.54E-6,65.00E-6,64.55E-6,64.17E-6,63.85E-6,63.58E-6,63.35E-6,63.15E-6,62.99E-6,62.85E-6,62.74E-6,62.64E-6,62.56E-6
828.0E-3,836.8E-6,442.5E-6,282.9E-6,204.0E-6,159.8E-6,132.7E-6,115.1E-6,103.0E-6,94.33E-6,88.01E-6,83.26E-6,79.62E-6,76.78E-6,74.54E-6,72.75E-6,71.31E-6,70.13E-6,69.17E-6,68.37E-6,67.71E-6,67.16E-6,66.70E-6,66.31E-6,65.99E-6,65.71E-6,65.48E-6,65.29E-6,65.12E-6,64.99E-6,64.87E-6,64.77E-6,64.69E-6
840.0E-3,863.6E-6,456.5E-6,291.7E-6,210.3E-6,164.7E-6,136.8E-6,118.6E-6,106.1E-6,97.24E-6,90.73E-6,85.84E-6,82.10E-6,79.19E-6,76.89E-6,75.06E-6,73.58E-6,72.38E-6,71.39E-6,70.58E-6,69.90E-6,69.34E-6,68.87E-6,68.48E-6,68.15E-6,67.87E-6,67.64E-6,67.44E-6,67.28E-6,67.14E-6,67.02E-6,66.93E-6,66.85E-6
852.0E-3,890.6E-6,470.5E-6,300.6E-6,216.7E-6,169.7E-6,140.9E-6,122.1E-6,109.3E-6,100.2E-6,93.47E-6,88.45E-6,84.61E-6,81.62E-6,79.26E-6,77.39E-6,75.87E-6,74.64E-6,73.63E-6,72.80E-6,72.11E-6,71.54E-6,71.06E-6,70.67E-6,70.33E-6,70.05E-6,69.81E-6,69.62E-6,69.45E-6,69.31E-6,69.20E-6,69.10E-6,69.02E-6
864.0E-3,917.6E-6,484.6E-6,309.5E-6,223.0E-6,174.6E-6,145.0E-6,125.7E-6,112.5E-6,103.1E-6,96.23E-6,91.07E-6,87.13E-6,84.07E-6,81.65E-6,79.73E-6,78.18E-6,76.92E-6,75.89E-6,75.04E-6,74.34E-6,73.76E-6,73.27E-6,72.87E-6,72.53E-6,72.24E-6,72.01E-6,71.81E-6,71.64E-6,71.50E-6,71.39E-6,71.29E-6,71.21E-6
876.0E-3,944.8E-6,498.8E-6,318.4E-6,229.4E-6,179.6E-6,149.1E-6,129.3E-6,115.7E-6,106.1E-6,99.00E-6,93.71E-6,89.67E-6,86.53E-6,84.05E-6,82.08E-6,80.50E-6,79.21E-6,78.16E-6,77.30E-6,76.58E-6,75.99E-6,75.50E-6,75.09E-6,74.74E-6,74.45E-6,74.21E-6,74.01E-6,73.85E-6,73.71E-6,73.59E-6,73.50E-6,73.42E-6
888.0E-3,972.0E-6,513.0E-6,327.4E-6,235.9E-6,184.6E-6,153.3E-6,132.9E-6,118.9E-6,109.0E-6,101.8E-6,96.36E-6,92.22E-6,89.00E-6,86.47E-6,84.45E-6,82.83E-6,81.52E-6,80.45E-6,79.57E-6,78.84E-6,78.24E-6,77.74E-6,77.32E-6,76.97E-6,76.68E-6,76.44E-6,76.23E-6,76.07E-6,75.93E-6,75.81E-6,75.72E-6,75.65E-6
900.0E-3,999.4E-6,527.3E-6,336.4E-6,242.3E-6,189.7E-6,157.5E-6,136.5E-6,122.2E-6,112.0E-6,104.6E-6,99.02E-6,94.78E-6,91.48E-6,88.89E-6,86.83E-6,85.18E-6,83.84E-6,82.74E-6,81.85E-6,81.11E-6,80.49E-6,79.99E-6,79.56E-6,79.21E-6,78.92E-6,78.67E-6,78.47E-6,78.30E-6,78.16E-6,78.05E-6,77.96E-6,77.88E-6
912.0E-3,1.027E-3,541.6E-6,345.5E-6,248.8E-6,194.7E-6,161.7E-6,140.1E-6,125.4E-6,115.0E-6,107.4E-6,101.7E-6,97.35E-6,93.98E-6,91.33E-6,89.22E-6,87.53E-6,86.17E-6,85.05E-6,84.14E-6,83.38E-6,82.76E-6,82.25E-6,81.82E-6,81.46E-6,81.17E-6,80.92E-6,80.71E-6,80.55E-6,80.41E-6,80.29E-6,80.20E-6,80.13E-6
924.0E-3,1.054E-3,555.9E-6,354.6E-6,255.3E-6,199.8E-6,165.8E-6,143.8E-6,128.7E-6,118.0E-6,110.2E-6,104.4E-6,99.92E-6,96.48E-6,93.77E-6,91.62E-6,89.90E-6,88.50E-6,87.37E-6,86.44E-6,85.67E-6,85.04E-6,84.52E-6,84.08E-6,83.72E-6,83.42E-6,83.17E-6,82.97E-6,82.80E-6,82.66E-6,82.55E-6,82.46E-6,82.39E-6
936.0E-3,1.082E-3,570.4E-6,363.7E-6,261.8E-6,204.8E-6,170.1E-6,147.4E-6,132.0E-6,121.0E-6,113.0E-6,107.1E-6,102.5E-6,98.98E-6,96.22E-6,94.02E-6,92.26E-6,90.84E-6,89.69E-6,88.74E-6,87.96E-6,87.32E-6,86.79E-6,86.35E-6,85.99E-6,85.69E-6,85.44E-6,85.23E-6,85.06E-6,84.92E-6,84.81E-6,84.72E-6,84.66E-6
948.0E-3,1.109E-3,584.8E-6,372.9E-6,268.4E-6,209.9E-6,174.3E-6,151.1E-6,135.2E-6,124.0E-6,115.8E-6,109.7E-6,105.1E-6,101.5E-6,98.67E-6,96.43E-6,94.63E-6,93.19E-6,92.01E-6,91.05E-6,90.26E-6,89.61E-6,89.07E-6,88.62E-6,88.26E-6,87.95E-6,87.70E-6,87.50E-6,87.33E-6,87.19E-6,87.08E-6,86.99E-6,86.93E-6
960.0E-3,1.137E-3,599.3E-6,382.0E-6,274.9E-6,215.0E-6,178.5E-6,154.7E-6,138.5E-6,127.0E-6,118.7E-6,112.4E-6,107.7E-6,104.0E-6,101.1E-6,98.83E-6,97.00E-6,95.53E-6,94.33E-6,93.36E-6,92.55E-6,91.89E-6,91.35E-6,90.90E-6,90.53E-6,90.22E-6,89.97E-6,89.76E-6,89.60E-6,89.46E-6,89.35E-6,89.26E-6,89.20E-6
972.0E-3,1.165E-3,613.8E-6,391.2E-6,281.5E-6,220.1E-6,182.7E-6,158.4E-6,141.8E-6,130.0E-6,121.5E-6,115.1E-6,110.3E-6,106.5E-6,103.6E-6,101.2E-6,99.37E-6,97.87E-6,96.66E-6,95.66E-6,94.85E-6,94.18E-6,93.63E-6,93.18E-6,92.80E-6,92.49E-6,92.24E-6,92.03E-6,91.86E-6,91.73E-6,91.62E-6,91.54E-6,91.47E-6
984.0E-3,1.192E-3,628.3E-6,400.4E-6,288.0E-6,225.2E-6,186.9E-6,162.0E-6,145.0E-6,133.0E-6,124.3E-6,117.8E-6,112.8E-6,109.0E-6,106.0E-6,103.6E-6,101.7E-6,100.2E-6,98.98E-6,97.97E-6,97.14E-6,96.46E-6,95.91E-6,95.45E-6,95.07E-6,94.76E-6,94.50E-6,94.30E-6,94.13E-6,93.99E-6,93.89E-6,93.80E-6,93.74E-6
996.0E-3,1.220E-3,642.8E-6,409.6E-6,294.6E-6,230.3E-6,191.1E-6,165.7E-6,148.3E-6,136.0E-6,127.1E-6,120.5E-6,115.4E-6,111.5E-6,108.4E-6,106.0E-6,104.1E-6,102.5E-6,101.3E-6,100.3E-6,99.43E-6,98.74E-6,98.18E-6,97.71E-6,97.33E-6,97.02E-6,96.76E-6,96.56E-6,96.39E-6,96.26E-6,96.15E-6,96.07E-6,96.01E-6
1.008,1.248E-3,657.3E-6,418.7E-6,301.1E-6,235.4E-6,195.3E-6,169.3E-6,151.5E-6,139.0E-6,129.9E-6,123.1E-6,118.0E-6,114.0E-6,110.9E-6,108.4E-6,106.4E-6,104.9E-6,103.6E-6,102.6E-6,101.7E-6,101.0E-6,100.4E-6,99.97E-6,99.59E-6,99.28E-6,99.02E-6,98.81E-6,98.64E-6,98.51E-6,98.41E-6,98.33E-6,98.27E-6
1.020,1.275E-3,671.8E-6,427.9E-6,307.7E-6,240.5E-6,199.5E-6,172.9E-6,154.8E-6,142.0E-6,132.7E-6,125.8E-6,120.5E-6,116.5E-6,113.3E-6,110.8E-6,108.8E-6,107.2E-6,105.9E-6,104.8E-6,104.0E-6,103.3E-6,102.7E-6,102.2E-6,101.8E-6,101.5E-6,101.3E-6,101.1E-6,100.9E-6,100.8E-6,100.7E-6,100.6E-6,100.5E-6
1.032,1.303E-3,686.4E-6,437.1E-6,314.2E-6,245.5E-6,203.7E-6,176.5E-6,158.0E-6,144.9E-6,135.5E-6,128.4E-6,123.0E-6,118.9E-6,115.7E-6,113.1E-6,111.1E-6,109.5E-6,108.2E-6,107.1E-6,106.2E-6,105.5E-6,104.9E-6,104.5E-6,104.1E-6,103.8E-6,103.5E-6,103.3E-6,103.1E-6,103.0E-6,102.9E-6,102.8E-6,102.8E-6
1.044,1.331E-3,700.9E-6,446.2E-6,320.7E-6,250.6E-6,207.8E-6,180.1E-6,161.2E-6,147.9E-6,138.2E-6,131.0E-6,125.6E-6,121.4E-6,118.1E-6,115.5E-6,113.4E-6,111.8E-6,110.4E-6,109.4E-6,108.5E-6,107.8E-6,107.2E-6,106.7E-6,106.3E-6,106.0E-6,105.7E-6,105.5E-6,105.3E-6,105.2E-6,105.1E-6,105.0E-6,105.0E-6
1.056,1.359E-3,715.4E-6,455.4E-6,327.2E-6,255.6E-6,211.9E-6,183.6E-6,164.4E-6,150.8E-6,140.9E-6,133.6E-6,128.1E-6,123.8E-6,120.5E-6,117.8E-6,115.7E-6,114.1E-6,112.7E-6,111.6E-6,110.7E-6,110.0E-6,109.4E-6,108.9E-6,108.5E-6,108.2E-6,107.9E-6,107.7E-6,107.5E-6,107.4E-6,107.3E-6,107.2E-6,107.2E-6
1.068,1.386E-3,729.8E-6,464.5E-6,333.7E-6,260.6E-6,216.1E-6,187.2E-6,167.5E-6,153.7E-6,143.7E-6,136.2E-6,130.5E-6,126.2E-6,122.8E-6,120.1E-6,118.0E-6,116.3E-6,114.9E-6,113.8E-6,112.9E-6,112.2E-6,111.6E-6,111.1E-6,110.7E-6,110.4E-6,110.1E-6,109.9E-6,109.7E-6,109.6E-6,109.5E-6,109.4E-6,109.4E-6
1.080,1.414E-3,744.3E-6,473.6E-6,340.1E-6,265.5E-6,220.1E-6,190.7E-6,170.7E-6,156.6E-6,146.4E-6,138.8E-6,133.0E-6,128.6E-6,125.1E-6,122.4E-6,120.3E-6,118.6E-6,117.2E-6,116.0E-6,115.1E-6,114.4E-6,113.8E-6,113.3E-6,112.9E-6,112.5E-6,112.3E-6,112.1E-6,111.9E-6,111.8E-6,111.7E-6,111.6E-6,111.6E-6
1.092,1.442E-3,758.7E-6,482.6E-6,346.5E-6,270.5E-6,224.2E-6,194.2E-6,173.8E-6,159.4E-6,149.0E-6,141.3E-6,135.5E-6,131.0E-6,127.5E-6,124.7E-6,122.5E-6,120.8E-6,119.4E-6,118.2E-6,117.3E-6,116.5E-6,115.9E-6,115.4E-6,115.0E-6,114.7E-6,114.4E-6,114.2E-6,114.1E-6,113.9E-6,113.8E-6,113.8E-6,113.7E-6
1.104,1.469E-3,773.1E-6,491.6E-6,352.9E-6,275.4E-6,228.2E-6,197.6E-6,176.9E-6,162.3E-6,151.7E-6,143.8E-6,137.9E-6,133.3E-6,129.8E-6,127.0E-6,124.7E-6,123.0E-6,121.5E-6,120.4E-6,119.5E-6,118.7E-6,118.1E-6,117.6E-6,117.2E-6,116.8E-6,116.6E-6,116.4E-6,116.2E-6,116.1E-6,116.0E-6,115.9E-6,115.9E-6
1.116,1.497E-3,787.4E-6,500.6E-6,359.2E-6,280.2E-6,232.2E-6,201.1E-6,179.9E-6,165.1E-6,154.3E-6,146.3E-6,140.3E-6,135.6E-6,132.0E-6,129.2E-6,127.0E-6,125.2E-6,123.7E-6,122.5E-6,121.6E-6,120.8E-6,120.2E-6,119.7E-6,119.3E-6,119.0E-6,118.7E-6,118.5E-6,118.3E-6,118.2E-6,118.1E-6,118.0E-6,118.0E-6
1.128,1.524E-3,801.7E-6,509.5E-6,365.5E-6,285.1E-6,236.1E-6,204.5E-6,183.0E-6,167.9E-6,156.9E-6,148.8E-6,142.7E-6,138.0E-6,134.3E-6,131.4E-6,129.1E-6,127.3E-6,125.8E-6,124.7E-6,123.7E-6,122.9E-6,122.3E-6,121.8E-6,121.4E-6,121.1E-6,120.8E-6,120.6E-6,120.4E-6,120.3E-6,120.2E-6,120.1E-6,120.1E-6
1.140,1.552E-3,815.9E-6,518.4E-6,371.7E-6,289.8E-6,240.1E-6,207.8E-6,186.0E-6,170.6E-6,159.5E-6,151.2E-6,145.0E-6,140.2E-6,136.5E-6,133.6E-6,131.3E-6,129.4E-6,128.0E-6,126.8E-6,125.8E-6,125.0E-6,124.4E-6,123.9E-6,123.5E-6,123.1E-6,122.9E-6,122.7E-6,122.5E-6,122.4E-6,122.3E-6,122.2E-6,122.2E-6
1.152,1.579E-3,830.1E-6,527.2E-6,377.9E-6,294.6E-6,243.9E-6,211.2E-6,188.9E-6,173.3E-6,162.0E-6,153.7E-6,147.3E-6,142.5E-6,138.7E-6,135.8E-6,133.4E-6,131.6E-6,130.1E-6,128.9E-6,127.9E-6,127.1E-6,126.4E-6,125.9E-6,125.5E-6,125.2E-6,124.9E-6,124.7E-6,124.5E-6,124.4E-6,124.3E-6,124.3E-6,124.2E-6
1.164,1.606E-3,844.2E-6,536.0E-6,384.0E-6,299.3E-6,247.8E-6,214.5E-6,191.9E-6,176.0E-6,164.5E-6,156.1E-6,149.6E-6,144.7E-6,140.9E-6,137.9E-6,135.5E-6,133.7E-6,132.1E-6,130.9E-6,129.9E-6,129.1E-6,128.5E-6,128.0E-6,127.5E-6,127.2E-6,126.9E-6,126.7E-6,126.6E-6,126.5E-6,126.4E-6,126.3E-6,126.3E-6
1.176,1.633E-3,858.2E-6,544.6E-6,390.1E-6,303.9E-6,251.6E-6,217.7E-6,194.8E-6,178.7E-6,167.0E-6,158.4E-6,151.9E-6,146.9E-6,143.1E-6,140.0E-6,137.6E-6,135.7E-6,134.2E-6,133.0E-6,132.0E-6,131.2E-6,130.5E-6,130.0E-6,129.6E-6,129.2E-6,129.0E-6,128.7E-6,128.6E-6,128.5E-6,128.4E-6,128.3E-6,128.3E-6
1.188,1.660E-3,872.2E-6,553.3E-6,396.2E-6,308.5E-6,255.3E-6,220.9E-6,197.7E-6,181.3E-6,169.5E-6,160.8E-6,154.2E-6,149.1E-6,145.2E-6,142.1E-6,139.7E-6,137.8E-6,136.2E-6,135.0E-6,134.0E-6,133.1E-6,132.5E-6,132.0E-6,131.5E-6,131.2E-6,130.9E-6,130.7E-6,130.6E-6,130.5E-6,130.4E-6,130.3E-6,130.3E-6
1.200,1.687E-3,886.0E-6,561.8E-6,402.1E-6,313.1E-6,259.1E-6,224.1E-6,200.5E-6,183.9E-6,171.9E-6,163.1E-6,156.4E-6,151.3E-6,147.3E-6,144.2E-6,141.7E-6,139.8E-6,138.2E-6,137.0E-6,135.9E-6,135.1E-6,134.5E-6,133.9E-6,133.5E-6,133.2E-6,132.9E-6,132.7E-6,132.5E-6,132.4E-6,132.3E-6,132.3E-6,132.3E-6
