0.000,1.108E-9,730.1E-12,609.2E-12,536.7E-12,479.2E-12,425.3E-12,372.8E-12,323.2E-12,278.4E-12,239.5E-12,206.6E-12,179.2E-12,156.5E-12,137.8E-12,122.3E-12,109.5E-12,98.68E-12,89.59E-12,81.88E-12,75.28E-12,69.60E-12,64.66E-12,60.36E-12,56.57E-12,53.22E-12,50.24E-12,47.58E-12,45.18E-12,43.03E-12,41.07E-12,39.29E-12,37.66E-12
12.00E-3,1.613E-9,1.088E-9,918.6E-12,813.8E-12,728.3E-12,646.7E-12,566.7E-12,491.1E-12,422.9E-12,363.7E-12,313.7E-12,272.0E-12,237.6E-12,209.2E-12,185.6E-12,166.1E-12,149.7E-12,135.9E-12,124.2E-12,114.2E-12,105.6E-12,98.10E-12,91.57E-12,85.82E-12,80.74E-12,76.22E-12,72.17E-12,68.54E-12,65.27E-12,62.30E-12,59.60E-12,57.13E-12
24.00E-3,2.347E-9,1.620E-9,1.382E-9,1.230E-9,1.102E-9,978.6E-12,857.2E-12,742.3E-12,638.9E-12,549.3E-12,473.6E-12,410.7E-12,358.7E-12,315.8E-12,280.3E-12,250.8E-12,226.1E-12,205.3E-12,187.6E-12,172.5E-12,159.5E-12,148.2E-12,138.3E-12,129.6E-12,122.0E-12,115.1E-12,109.0E-12,103.6E-12,98.61E-12,94.12E-12,90.04E-12,86.32E-12
36.00E-3,3.410E-9,2.407E-9,2.072E-9,1.851E-9,1.660E-9,1.473E-9,1.289E-9,1.115E-9,959.0E-12,824.2E-12,710.6E-12,616.1E-12,538.2E-12,473.9E-12,420.7E-12,376.5E-12,339.5E-12,308.3E-12,281.8E-12,259.1E-12,239.6E-12,222.7E-12,207.9E-12,194.8E-12,183.3E-12,173.1E-12,163.9E-12,155.7E-12,148.3E-12,141.5E-12,135.4E-12,129.8E-12
48.00E-3,4.951E-9,3.568E-9,3.097E-9,2.772E-9,2.485E-9,2.202E-9,1.924E-9,1.663E-9,1.429E-9,1.228E-9,1.058E-9,917.9E-12,801.9E-12,706.3E-12,627.2E-12,561.4E-12,506.4E-12,460.0E-12,420.6E-12,386.9E-12,357.8E-12,332.6E-12,310.5E-12,291.1E-12,274.0E-12,258.7E-12,245.1E-12,232.8E-12,221.7E-12,211.7E-12,202.5E-12,194.2E-12
60.00E-3,7.177E-9,5.275E-9,4.610E-9,4.131E-9,3.697E-9,3.269E-9,2.850E-9,2.460E-9,2.112E-9,1.814E-9,1.564E-9,1.357E-9,1.186E-9,1.045E-9,928.1E-12,831.1E-12,750.0E-12,681.6E-12,623.4E-12,573.7E-12,530.7E-12,493.5E-12,460.9E-12,432.2E-12,406.8E-12,384.3E-12,364.0E-12,345.9E-12,329.5E-12,314.6E-12,301.1E-12,288.7E-12
72.00E-3,10.39E-9,7.774E-9,6.830E-9,6.117E-9,5.460E-9,4.813E-9,4.186E-9,3.607E-9,3.095E-9,2.657E-9,2.291E-9,1.988E-9,1.738E-9,1.532E-9,1.362E-9,1.220E-9,1.102E-9,1.002E-9,916.9E-12,844.1E-12,781.3E-12,726.7E-12,679.0E-12,636.9E-12,599.7E-12,566.6E-12,537.0E-12,510.3E-12,486.2E-12,464.4E-12,444.4E-12,426.3E-12
84.00E-3,15.01E-9,11.42E-9,10.06E-9,8.994E-9,7.998E-9,7.024E-9,6.092E-9,5.240E-9,4.492E-9,3.856E-9,3.325E-9,2.886E-9,2.525E-9,2.227E-9,1.981E-9,1.777E-9,1.605E-9,1.460E-9,1.337E-9,1.232E-9,1.141E-9,1.061E-9,992.2E-12,931.2E-12,877.1E-12,828.9E-12,785.8E-12,747.0E-12,712.0E-12,680.1E-12,651.1E-12,624.6E-12
96.00E-3,21.63E-9,16.70E-9,14.74E-9,13.12E-9,11.61E-9,10.16E-9,8.781E-9,7.538E-9,6.456E-9,5.540E-9,4.778E-9,4.149E-9,3.633E-9,3.207E-9,2.855E-9,2.562E-9,2.317E-9,2.109E-9,1.933E-9,1.782E-9,1.651E-9,1.537E-9,1.437E-9,1.350E-9,1.272E-9,1.203E-9,1.140E-9,1.084E-9,1.034E-9,988.0E-12,946.1E-12,907.8E-12
108.0E-3,31.10E-9,24.30E-9,21.43E-9,18.98E-9,16.70E-9,14.54E-9,12.53E-9,10.73E-9,9.184E-9,7.879E-9,6.797E-9,5.907E-9,5.175E-9,4.573E-9,4.075E-9,3.660E-9,3.312E-9,3.018E-9,2.768E-9,2.553E-9,2.367E-9,2.205E-9,2.064E-9,1.939E-9,1.828E-9,1.729E-9,1.640E-9,1.561E-9,1.488E-9,1.423E-9,1.363E-9,1.308E-9
120.0E-3,44.58E-9,35.18E-9,30.92E-9,27.22E-9,23.79E-9,20.60E-9,17.69E-9,15.12E-9,12.93E-9,11.09E-9,9.573E-9,8.325E-9,7.300E-9,6.457E-9,5.759E-9,5.178E-9,4.690E-9,4.278E-9,3.926E-9,3.624E-9,3.363E-9,3.135E-9,2.935E-9,2.759E-9,2.603E-9,2.463E-9,2.338E-9,2.225E-9,2.123E-9,2.030E-9,1.946E-9,1.868E-9
132.0E-3,63.68E-9,50.60E-9,44.26E-9,38.65E-9,33.54E-9,28.89E-9,24.72E-9,21.09E-9,18.02E-9,15.45E-9,13.34E-9,11.61E-9,10.19E-9,9.026E-9,8.060E-9,7.254E-9,6.577E-9,6.004E-9,5.515E-9,5.095E-9,4.732E-9,4.415E-9,4.136E-9,3.890E-9,3.672E-9,3.477E-9,3.302E-9,3.144E-9,3.001E-9,2.871E-9,2.752E-9,2.643E-9
144.0E-3,90.60E-9,72.30E-9,62.79E-9,54.34E-9,46.80E-9,40.08E-9,34.18E-9,29.11E-9,24.84E-9,21.31E-9,18.41E-9,16.04E-9,14.09E-9,12.49E-9,11.17E-9,10.06E-9,9.133E-9,8.346E-9,7.674E-9,7.096E-9,6.595E-9,6.157E-9,5.773E-9,5.434E-9,5.132E-9,4.862E-9,4.620E-9,4.401E-9,4.203E-9,4.022E-9,3.857E-9,3.706E-9
156.0E-3,128.3E-9,102.5E-9,88.24E-9,75.63E-9,64.62E-9,55.02E-9,46.74E-9,39.73E-9,33.89E-9,29.08E-9,25.14E-9,21.92E-9,19.28E-9,17.11E-9,15.32E-9,13.82E-9,12.56E-9,11.49E-9,10.57E-9,9.786E-9,9.103E-9,8.506E-9,7.981E-9,7.517E-9,7.104E-9,6.735E-9,6.402E-9,6.102E-9,5.830E-9,5.582E-9,5.356E-9,5.148E-9
168.0E-3,180.8E-9,144.2E-9,122.8E-9,104.2E-9,88.24E-9,74.70E-9,63.23E-9,53.64E-9,45.72E-9,39.24E-9,33.95E-9,29.64E-9,26.11E-9,23.20E-9,20.79E-9,18.78E-9,17.09E-9,15.65E-9,14.42E-9,13.36E-9,12.44E-9,11.64E-9,10.93E-9,10.30E-9,9.740E-9,9.239E-9,8.789E-9,8.382E-9,8.012E-9,7.675E-9,7.367E-9,7.084E-9
180.0E-3,253.4E-9,201.2E-9,169.2E-9,141.9E-9,119.2E-9,100.3E-9,84.54E-9,71.58E-9,60.98E-9,52.35E-9,45.34E-9,39.62E-9,34.95E-9,31.11E-9,27.92E-9,25.26E-9,23.01E-9,21.10E-9,19.47E-9,18.06E-9,16.83E-9,15.76E-9,14.81E-9,13.97E-9,13.22E-9,12.55E-9,11.95E-9,11.40E-9,10.90E-9,10.45E-9,10.03E-9,9.653E-9
192.0E-3,352.9E-9,278.0E-9,230.6E-9,191.1E-9,159.0E-9,132.9E-9,111.7E-9,94.36E-9,80.34E-9,69.00E-9,59.81E-9,52.35E-9,46.25E-9,41.23E-9,37.06E-9,33.58E-9,30.64E-9,28.14E-9,25.99E-9,24.14E-9,22.52E-9,21.11E-9,19.86E-9,18.75E-9,17.76E-9,16.87E-9,16.07E-9,15.34E-9,14.69E-9,14.08E-9,13.53E-9,13.02E-9
204.0E-3,488.2E-9,380.5E-9,311.0E-9,254.3E-9,209.6E-9,174.0E-9,145.6E-9,122.8E-9,104.5E-9,89.77E-9,77.91E-9,68.29E-9,60.44E-9,53.97E-9,48.60E-9,44.11E-9,40.31E-9,37.08E-9,34.30E-9,31.89E-9,29.79E-9,27.95E-9,26.33E-9,24.88E-9,23.59E-9,22.43E-9,21.38E-9,20.43E-9,19.56E-9,18.77E-9,18.05E-9,17.38E-9
216.0E-3,670.4E-9,515.5E-9,414.4E-9,334.3E-9,272.6E-9,224.8E-9,187.3E-9,157.6E-9,134.1E-9,115.2E-9,100.1E-9,87.92E-9,77.94E-9,69.74E-9,62.92E-9,57.20E-9,52.37E-9,48.25E-9,44.70E-9,41.62E-9,38.94E-9,36.57E-9,34.49E-9,32.63E-9,30.96E-9,29.46E-9,28.11E-9,26.88E-9,25.76E-9,24.74E-9,23.80E-9,22.93E-9
228.0E-3,913.3E-9,690.8E-9,545.3E-9,433.5E-9,349.8E-9,286.4E-9,237.5E-9,199.5E-9,169.6E-9,145.9E-9,126.9E-9,111.6E-9,99.16E-9,88.90E-9,80.36E-9,73.20E-9,67.14E-9,61.96E-9,57.49E-9,53.62E-9,50.23E-9,47.24E-9,44.60E-9,42.24E-9,40.13E-9,38.23E-9,36.50E-9,34.94E-9,33.51E-9,32.20E-9,31.00E-9,29.89E-9
240.0E-3,1.234E-6,915.2E-9,708.3E-9,554.5E-9,442.5E-9,359.6E-9,297.0E-9,249.0E-9,211.6E-9,182.1E-9,158.7E-9,139.8E-9,124.4E-9,111.8E-9,101.2E-9,92.40E-9,84.91E-9,78.49E-9,72.96E-9,68.15E-9,63.93E-9,60.22E-9,56.92E-9,53.97E-9,51.33E-9,48.94E-9,46.78E-9,44.82E-9,43.02E-9,41.37E-9,39.85E-9,38.45E-9
252.0E-3,1.651E-6,1.198E-6,907.4E-9,699.1E-9,551.7E-9,445.1E-9,366.2E-9,306.4E-9,260.3E-9,224.2E-9,195.6E-9,172.6E-9,153.9E-9,138.6E-9,125.8E-9,115.0E-9,105.9E-9,98.08E-9,91.32E-9,85.44E-9,80.28E-9,75.71E-9,71.66E-9,68.03E-9,64.77E-9,61.83E-9,59.16E-9,56.72E-9,54.49E-9,52.45E-9,50.56E-9,48.82E-9
264.0E-3,2.188E-6,1.547E-6,1.146E-6,868.7E-9,678.0E-9,543.3E-9,445.1E-9,371.8E-9,315.8E-9,272.2E-9,237.8E-9,210.3E-9,187.9E-9,169.5E-9,154.1E-9,141.2E-9,130.3E-9,120.9E-9,112.8E-9,105.7E-9,99.42E-9,93.90E-9,88.99E-9,84.59E-9,80.63E-9,77.05E-9,73.79E-9,70.82E-9,68.10E-9,65.59E-9,63.28E-9,61.14E-9
276.0E-3,2.869E-6,1.970E-6,1.426E-6,1.064E-6,821.5E-9,653.9E-9,533.8E-9,445.2E-9,378.1E-9,326.2E-9,285.4E-9,252.8E-9,226.3E-9,204.5E-9,186.4E-9,171.1E-9,158.2E-9,147.0E-9,137.4E-9,128.9E-9,121.5E-9,114.9E-9,109.0E-9,103.8E-9,99.03E-9,94.73E-9,90.81E-9,87.24E-9,83.96E-9,80.94E-9,78.15E-9,75.56E-9
288.0E-3,3.717E-6,2.473E-6,1.749E-6,1.285E-6,982.0E-9,776.9E-9,632.1E-9,526.4E-9,447.0E-9,386.0E-9,338.2E-9,300.0E-9,269.1E-9,243.7E-9,222.5E-9,204.7E-9,189.5E-9,176.5E-9,165.2E-9,155.3E-9,146.5E-9,138.8E-9,131.9E-9,125.6E-9,120.0E-9,114.9E-9,110.3E-9,106.1E-9,102.2E-9,98.56E-9,95.23E-9,92.15E-9
300.0E-3,4.756E-6,3.060E-6,2.115E-6,1.530E-6,1.159E-6,911.5E-9,739.4E-9,615.0E-9,522.3E-9,451.4E-9,396.0E-9,352.0E-9,316.3E-9,286.9E-9,262.5E-9,241.9E-9,224.4E-9,209.3E-9,196.2E-9,184.7E-9,174.5E-9,165.5E-9,157.5E-9,150.2E-9,143.7E-9,137.7E-9,132.3E-9,127.3E-9,122.7E-9,118.5E-9,114.6E-9,110.9E-9
312.0E-3,6.005E-6,3.732E-6,2.522E-6,1.799E-6,1.351E-6,1.057E-6,855.3E-9,710.7E-9,603.7E-9,522.2E-9,458.8E-9,408.4E-9,367.6E-9,334.1E-9,306.2E-9,282.7E-9,262.6E-9,245.4E-9,230.3E-9,217.1E-9,205.5E-9,195.1E-9,185.9E-9,177.5E-9,169.9E-9,163.0E-9,156.8E-9,151.0E-9,145.7E-9,140.8E-9,136.2E-9,132.0E-9
324.0E-3,7.476E-6,4.486E-6,2.968E-6,2.090E-6,1.557E-6,1.213E-6,979.3E-9,813.1E-9,690.8E-9,598.1E-9,526.1E-9,469.0E-9,422.9E-9,385.0E-9,353.5E-9,326.9E-9,304.2E-9,284.6E-9,267.5E-9,252.6E-9,239.3E-9,227.5E-9,216.9E-9,207.4E-9,198.8E-9,190.9E-9,183.7E-9,177.1E-9,171.0E-9,165.3E-9,160.1E-9,155.2E-9
336.0E-3,9.175E-6,5.319E-6,3.450E-6,2.402E-6,1.777E-6,1.379E-6,1.111E-6,921.6E-9,783.2E-9,678.7E-9,597.8E-9,533.7E-9,482.0E-9,439.5E-9,404.2E-9,374.3E-9,348.8E-9,326.8E-9,307.7E-9,290.8E-9,275.9E-9,262.6E-9,250.7E-9,239.9E-9,230.1E-9,221.2E-9,213.0E-9,205.5E-9,198.6E-9,192.2E-9,186.2E-9,180.6E-9
348.0E-3,11.10E-6,6.225E-6,3.964E-6,2.732E-6,2.008E-6,1.553E-6,1.249E-6,1.036E-6,880.6E-9,763.8E-9,673.6E-9,602.2E-9,544.6E-9,497.4E-9,458.1E-9,424.9E-9,396.5E-9,372.0E-9,350.6E-9,331.8E-9,315.2E-9,300.3E-9,286.9E-9,274.8E-9,263.9E-9,253.9E-9,244.7E-9,236.2E-9,228.4E-9,221.2E-9,214.4E-9,208.2E-9
360.0E-3,13.24E-6,7.196E-6,4.509E-6,3.078E-6,2.251E-6,1.735E-6,1.393E-6,1.155E-6,982.6E-9,853.1E-9,753.1E-9,674.2E-9,610.6E-9,558.5E-9,515.1E-9,478.4E-9,447.0E-9,419.9E-9,396.3E-9,375.4E-9,357.0E-9,340.5E-9,325.6E-9,312.2E-9,300.0E-9,288.8E-9,278.6E-9,269.1E-9,260.4E-9,252.3E-9,244.8E-9,237.7E-9
372.0E-3,15.58E-6,8.227E-6,5.079E-6,3.439E-6,2.503E-6,1.925E-6,1.544E-6,1.280E-6,1.089E-6,946.2E-9,836.3E-9,749.6E-9,679.8E-9,622.6E-9,574.9E-9,534.7E-9,500.2E-9,470.5E-9,444.5E-9,421.5E-9,401.2E-9,383.0E-9,366.6E-9,351.8E-9,338.3E-9,325.9E-9,314.6E-9,304.1E-9,294.5E-9,285.5E-9,277.1E-9,269.3E-9
384.0E-3,18.09E-6,9.308E-6,5.672E-6,3.813E-6,2.764E-6,2.121E-6,1.700E-6,1.409E-6,1.199E-6,1.043E-6,922.8E-9,828.1E-9,751.9E-9,689.5E-9,637.5E-9,593.6E-9,556.0E-9,523.5E-9,495.1E-9,470.0E-9,447.7E-9,427.8E-9,409.9E-9,393.6E-9,378.8E-9,365.2E-9,352.7E-9,341.2E-9,330.5E-9,320.6E-9,311.4E-9,302.7E-9
396.0E-3,20.76E-6,10.43E-6,6.286E-6,4.199E-6,3.033E-6,2.323E-6,1.860E-6,1.542E-6,1.313E-6,1.143E-6,1.012E-6,909.6E-9,826.9E-9,759.2E-9,702.7E-9,655.1E-9,614.2E-9,578.9E-9,548.0E-9,520.8E-9,496.5E-9,474.8E-9,455.2E-9,437.5E-9,421.3E-9,406.5E-9,392.8E-9,380.2E-9,368.6E-9,357.7E-9,347.5E-9,338.1E-9
408.0E-3,23.55E-6,11.60E-6,6.917E-6,4.596E-6,3.310E-6,2.531E-6,2.026E-6,1.679E-6,1.431E-6,1.247E-6,1.105E-6,993.9E-9,904.6E-9,831.4E-9,770.4E-9,718.9E-9,674.8E-9,636.6E-9,603.2E-9,573.7E-9,547.4E-9,523.9E-9,502.7E-9,483.4E-9,465.8E-9,449.7E-9,434.9E-9,421.2E-9,408.4E-9,396.6E-9,385.5E-9,375.2E-9
420.0E-3,26.46E-6,12.79E-6,7.564E-6,5.003E-6,3.593E-6,2.744E-6,2.195E-6,1.820E-6,1.552E-6,1.353E-6,1.201E-6,1.081E-6,984.8E-9,906.1E-9,840.5E-9,785.1E-9,737.6E-9,696.5E-9,660.5E-9,628.7E-9,600.4E-9,575.0E-9,552.1E-9,531.3E-9,512.3E-9,494.8E-9,478.8E-9,463.9E-9,450.1E-9,437.3E-9,425.3E-9,414.0E-9
432.0E-3,29.44E-6,14.02E-6,8.226E-6,5.419E-6,3.883E-6,2.963E-6,2.369E-6,1.965E-6,1.676E-6,1.462E-6,1.299E-6,1.171E-6,1.068E-6,983.2E-9,912.9E-9,853.5E-9,802.6E-9,758.5E-9,719.9E-9,685.8E-9,655.4E-9,628.1E-9,603.5E-9,581.1E-9,560.6E-9,541.8E-9,524.5E-9,508.5E-9,493.6E-9,479.7E-9,466.8E-9,454.6E-9
444.0E-3,32.50E-6,15.27E-6,8.900E-6,5.843E-6,4.179E-6,3.186E-6,2.547E-6,2.113E-6,1.804E-6,1.575E-6,1.400E-6,1.263E-6,1.153E-6,1.063E-6,987.5E-9,924.1E-9,869.7E-9,822.6E-9,781.4E-9,744.9E-9,712.3E-9,683.1E-9,656.7E-9,632.7E-9,610.8E-9,590.6E-9,572.0E-9,554.8E-9,538.8E-9,523.9E-9,509.9E-9,496.9E-9
456.0E-3,35.61E-6,16.54E-6,9.587E-6,6.275E-6,4.482E-6,3.414E-6,2.729E-6,2.265E-6,1.934E-6,1.690E-6,1.504E-6,1.357E-6,1.240E-6,1.144E-6,1.064E-6,996.8E-9,939.0E-9,888.8E-9,844.8E-9,805.9E-9,771.2E-9,740.0E-9,711.9E-9,686.2E-9,662.8E-9,641.2E-9,621.3E-9,602.9E-9,585.8E-9,569.8E-9,554.8E-9,540.8E-9
468.0E-3,38.76E-6,17.83E-6,10.29E-6,6.715E-6,4.790E-6,3.646E-6,2.915E-6,2.420E-6,2.068E-6,1.808E-6,1.610E-6,1.455E-6,1.330E-6,1.228E-6,1.143E-6,1.072E-6,1.010E-6,956.9E-9,910.2E-9,868.9E-9,832.0E-9,798.8E-9,768.8E-9,741.5E-9,716.6E-9,693.6E-9,672.4E-9,652.7E-9,634.4E-9,617.4E-9,601.4E-9,586.4E-9
480.0E-3,41.94E-6,19.14E-6,10.99E-6,7.163E-6,5.103E-6,3.884E-6,3.105E-6,2.578E-6,2.205E-6,1.929E-6,1.719E-6,1.554E-6,1.422E-6,1.314E-6,1.225E-6,1.149E-6,1.084E-6,1.027E-6,977.6E-9,933.8E-9,894.7E-9,859.5E-9,827.7E-9,798.7E-9,772.2E-9,747.8E-9,725.2E-9,704.3E-9,684.8E-9,666.7E-9,649.6E-9,633.6E-9
492.0E-3,45.14E-6,20.46E-6,11.72E-6,7.619E-6,5.423E-6,4.126E-6,3.299E-6,2.740E-6,2.344E-6,2.052E-6,1.830E-6,1.656E-6,1.517E-6,1.403E-6,1.308E-6,1.228E-6,1.159E-6,1.099E-6,1.047E-6,1.001E-6,959.3E-9,922.1E-9,888.4E-9,857.7E-9,829.6E-9,803.7E-9,779.8E-9,757.7E-9,737.0E-9,717.7E-9,699.6E-9,682.6E-9
504.0E-3,48.37E-6,21.80E-6,12.45E-6,8.082E-6,5.749E-6,4.372E-6,3.497E-6,2.906E-6,2.487E-6,2.179E-6,1.944E-6,1.761E-6,1.614E-6,1.494E-6,1.394E-6,1.309E-6,1.237E-6,1.174E-6,1.118E-6,1.070E-6,1.026E-6,986.6E-9,951.0E-9,918.6E-9,888.9E-9,861.6E-9,836.3E-9,812.8E-9,790.9E-9,770.5E-9,751.4E-9,733.4E-9
516.0E-3,51.61E-6,23.16E-6,13.19E-6,8.554E-6,6.081E-6,4.624E-6,3.699E-6,3.075E-6,2.633E-6,2.309E-6,2.061E-6,1.868E-6,1.714E-6,1.587E-6,1.482E-6,1.393E-6,1.316E-6,1.250E-6,1.192E-6,1.141E-6,1.095E-6,1.053E-6,1.016E-6,981.5E-9,950.2E-9,921.3E-9,894.6E-9,869.9E-9,846.8E-9,825.2E-9,804.9E-9,785.9E-9
528.0E-3,54.87E-6,24.54E-6,13.94E-6,9.034E-6,6.419E-6,4.882E-6,3.906E-6,3.248E-6,2.783E-6,2.441E-6,2.181E-6,1.978E-6,1.816E-6,1.683E-6,1.572E-6,1.479E-6,1.398E-6,1.329E-6,1.268E-6,1.214E-6,1.165E-6,1.122E-6,1.082E-6,1.046E-6,1.013E-6,983.1E-9,955.0E-9,928.9E-9,904.5E-9,881.8E-9,860.4E-9,840.4E-9
540.0E-3,58.16E-6,25.93E-6,14.71E-6,9.524E-6,6.765E-6,5.144E-6,4.117E-6,3.425E-6,2.937E-6,2.577E-6,2.305E-6,2.091E-6,1.921E-6,1.781E-6,1.665E-6,1.567E-6,1.483E-6,1.410E-6,1.346E-6,1.289E-6,1.238E-6,1.193E-6,1.151E-6,1.113E-6,1.079E-6,1.047E-6,1.017E-6,989.9E-9,964.3E-9,940.4E-9,917.9E-9,896.8E-9
552.0E-3,61.45E-6,27.35E-6,15.49E-6,10.02E-6,7.118E-6,5.413E-6,4.333E-6,3.607E-6,3.094E-6,2.717E-6,2.431E-6,2.208E-6,2.029E-6,1.883E-6,1.761E-6,1.658E-6,1.570E-6,1.494E-6,1.426E-6,1.367E-6,1.314E-6,1.266E-6,1.222E-6,1.183E-6,1.146E-6,1.113E-6,1.082E-6,1.053E-6,1.026E-6,1.001E-6,977.6E-9,955.4E-9
564.0E-3,64.77E-6,28.78E-6,16.29E-6,10.53E-6,7.479E-6,5.689E-6,4.555E-6,3.793E-6,3.256E-6,2.861E-6,2.561E-6,2.327E-6,2.140E-6,1.987E-6,1.860E-6,1.752E-6,1.660E-6,1.580E-6,1.510E-6,1.447E-6,1.392E-6,1.342E-6,1.296E-6,1.255E-6,1.217E-6,1.181E-6,1.149E-6,1.119E-6,1.091E-6,1.064E-6,1.040E-6,1.016E-6
576.0E-3,68.12E-6,30.24E-6,17.10E-6,11.05E-6,7.849E-6,5.971E-6,4.783E-6,3.985E-6,3.422E-6,3.009E-6,2.695E-6,2.451E-6,2.255E-6,2.095E-6,1.962E-6,1.849E-6,1.753E-6,1.669E-6,1.596E-6,1.531E-6,1.472E-6,1.420E-6,1.372E-6,1.329E-6,1.289E-6,1.253E-6,1.219E-6,1.187E-6,1.158E-6,1.130E-6,1.104E-6,1.080E-6
588.0E-3,71.49E-6,31.73E-6,17.93E-6,11.59E-6,8.228E-6,6.261E-6,5.018E-6,4.183E-6,3.594E-6,3.162E-6,2.834E-6,2.578E-6,2.373E-6,2.206E-6,2.067E-6,1.950E-6,1.849E-6,1.762E-6,1.685E-6,1.617E-6,1.556E-6,1.501E-6,1.452E-6,1.406E-6,1.365E-6,1.327E-6,1.291E-6,1.258E-6,1.227E-6,1.198E-6,1.171E-6,1.146E-6
600.0E-3,74.89E-6,33.24E-6,18.78E-6,12.13E-6,8.618E-6,6.560E-6,5.260E-6,4.387E-6,3.771E-6,3.320E-6,2.977E-6,2.710E-6,2.496E-6,2.322E-6,2.177E-6,2.054E-6,1.949E-6,1.858E-6,1.778E-6,1.707E-6,1.643E-6,1.586E-6,1.534E-6,1.487E-6,1.444E-6,1.404E-6,1.367E-6,1.332E-6,1.300E-6,1.270E-6,1.242E-6,1.215E-6
612.0E-3,78.33E-6,34.78E-6,19.64E-6,12.69E-6,9.019E-6,6.868E-6,5.510E-6,4.598E-6,3.955E-6,3.484E-6,3.126E-6,2.847E-6,2.624E-6,2.442E-6,2.291E-6,2.163E-6,2.053E-6,1.958E-6,1.874E-6,1.800E-6,1.734E-6,1.675E-6,1.621E-6,1.571E-6,1.526E-6,1.484E-6,1.446E-6,1.410E-6,1.376E-6,1.345E-6,1.315E-6,1.288E-6
624.0E-3,81.81E-6,36.35E-6,20.53E-6,13.27E-6,9.433E-6,7.187E-6,5.769E-6,4.817E-6,4.146E-6,3.654E-6,3.281E-6,2.990E-6,2.757E-6,2.567E-6,2.409E-6,2.276E-6,2.162E-6,2.062E-6,1.975E-6,1.898E-6,1.829E-6,1.767E-6,1.711E-6,1.660E-6,1.613E-6,1.569E-6,1.529E-6,1.491E-6,1.456E-6,1.424E-6,1.393E-6,1.364E-6
636.0E-3,85.33E-6,37.95E-6,21.45E-6,13.87E-6,9.860E-6,7.517E-6,6.037E-6,5.044E-6,4.345E-6,3.831E-6,3.442E-6,3.139E-6,2.896E-6,2.698E-6,2.534E-6,2.395E-6,2.275E-6,2.172E-6,2.081E-6,2.001E-6,1.929E-6,1.865E-6,1.806E-6,1.753E-6,1.703E-6,1.658E-6,1.616E-6,1.577E-6,1.541E-6,1.507E-6,1.475E-6,1.445E-6
648.0E-3,88.90E-6,39.60E-6,22.39E-6,14.48E-6,10.30E-6,7.860E-6,6.317E-6,5.282E-6,4.552E-6,4.017E-6,3.612E-6,3.295E-6,3.042E-6,2.836E-6,2.664E-6,2.519E-6,2.395E-6,2.288E-6,2.193E-6,2.109E-6,2.035E-6,1.967E-6,1.906E-6,1.851E-6,1.799E-6,1.752E-6,1.709E-6,1.668E-6,1.630E-6,1.595E-6,1.561E-6,1.530E-6
660.0E-3,92.52E-6,41.28E-6,23.35E-6,15.12E-6,10.76E-6,8.217E-6,6.610E-6,5.531E-6,4.770E-6,4.213E-6,3.790E-6,3.460E-6,3.196E-6,2.981E-6,2.802E-6,2.651E-6,2.522E-6,2.409E-6,2.311E-6,2.224E-6,2.146E-6,2.076E-6,2.012E-6,1.954E-6,1.901E-6,1.852E-6,1.807E-6,1.765E-6,1.725E-6,1.688E-6,1.654E-6,1.621E-6
672.0E-3,96.20E-6,43.01E-6,24.35E-6,15.78E-6,11.24E-6,8.591E-6,6.916E-6,5.792E-6,5.000E-6,4.418E-6,3.977E-6,3.634E-6,3.359E-6,3.134E-6,2.948E-6,2.791E-6,2.656E-6,2.539E-6,2.436E-6,2.346E-6,2.265E-6,2.192E-6,2.126E-6,2.065E-6,2.010E-6,1.959E-6,1.912E-6,1.868E-6,1.827E-6,1.789E-6,1.753E-6,1.719E-6
684.0E-3,99.95E-6,44.79E-6,25.39E-6,16.46E-6,11.74E-6,8.982E-6,7.238E-6,6.067E-6,5.242E-6,4.636E-6,4.177E-6,3.818E-6,3.532E-6,3.298E-6,3.103E-6,2.939E-6,2.799E-6,2.677E-6,2.570E-6,2.476E-6,2.391E-6,2.315E-6,2.247E-6,2.184E-6,2.126E-6,2.073E-6,2.024E-6,1.979E-6,1.936E-6,1.896E-6,1.859E-6,1.824E-6
696.0E-3,103.8E-6,46.61E-6,26.46E-6,17.18E-6,12.27E-6,9.393E-6,7.578E-6,6.359E-6,5.499E-6,4.868E-6,4.389E-6,4.015E-6,3.716E-6,3.472E-6,3.270E-6,3.099E-6,2.952E-6,2.825E-6,2.714E-6,2.615E-6,2.528E-6,2.448E-6,2.377E-6,2.312E-6,2.252E-6,2.197E-6,2.146E-6,2.098E-6,2.054E-6,2.013E-6,1.974E-6,1.937E-6
708.0E-3,107.7E-6,48.50E-6,27.57E-6,17.92E-6,12.81E-6,9.827E-6,7.938E-6,6.669E-6,5.774E-6,5.116E-6,4.616E-6,4.226E-6,3.914E-6,3.660E-6,3.449E-6,3.270E-6,3.117E-6,2.985E-6,2.869E-6,2.766E-6,2.675E-6,2.592E-6,2.518E-6,2.450E-6,2.388E-6,2.330E-6,2.277E-6,2.228E-6,2.182E-6,2.139E-6,2.099E-6,2.061E-6
720.0E-3,111.6E-6,50.44E-6,28.72E-6,18.70E-6,13.39E-6,10.29E-6,8.321E-6,7.000E-6,6.067E-6,5.382E-6,4.861E-6,4.454E-6,4.128E-6,3.863E-6,3.642E-6,3.456E-6,3.296E-6,3.158E-6,3.037E-6,2.930E-6,2.835E-6,2.749E-6,2.671E-6,2.600E-6,2.536E-6,2.476E-6,2.421E-6,2.370E-6,2.322E-6,2.277E-6,2.235E-6,2.196E-6
732.0E-3,115.7E-6,52.45E-6,29.92E-6,19.52E-6,14.00E-6,10.77E-6,8.729E-6,7.355E-6,6.383E-6,5.668E-6,5.125E-6,4.700E-6,4.360E-6,4.083E-6,3.852E-6,3.658E-6,3.491E-6,3.347E-6,3.220E-6,3.109E-6,3.009E-6,2.920E-6,2.839E-6,2.765E-6,2.698E-6,2.636E-6,2.578E-6,2.525E-6,2.476E-6,2.429E-6,2.386E-6,2.345E-6
744.0E-3,119.8E-6,54.53E-6,31.18E-6,20.38E-6,14.65E-6,11.29E-6,9.167E-6,7.736E-6,6.724E-6,5.979E-6,5.412E-6,4.968E-6,4.613E-6,4.323E-6,4.082E-6,3.879E-6,3.705E-6,3.554E-6,3.422E-6,3.305E-6,3.201E-6,3.108E-6,3.024E-6,2.947E-6,2.877E-6,2.812E-6,2.752E-6,2.697E-6,2.646E-6,2.597E-6,2.552E-6,2.510E-6
756.0E-3,124.1E-6,56.69E-6,32.49E-6,21.28E-6,15.33E-6,11.85E-6,9.638E-6,8.149E-6,7.095E-6,6.317E-6,5.725E-6,5.262E-6,4.891E-6,4.587E-6,4.335E-6,4.122E-6,3.940E-6,3.782E-6,3.644E-6,3.522E-6,3.414E-6,3.317E-6,3.229E-6,3.148E-6,3.075E-6,3.008E-6,2.946E-6,2.888E-6,2.835E-6,2.785E-6,2.738E-6,2.694E-6
768.0E-3,128.5E-6,58.93E-6,33.86E-6,22.24E-6,16.07E-6,12.44E-6,10.15E-6,8.597E-6,7.498E-6,6.687E-6,6.069E-6,5.585E-6,5.196E-6,4.879E-6,4.614E-6,4.392E-6,4.201E-6,4.036E-6,3.891E-6,3.764E-6,3.650E-6,3.549E-6,3.457E-6,3.373E-6,3.297E-6,3.227E-6,3.162E-6,3.102E-6,3.046E-6,2.994E-6,2.946E-6,2.900E-6
780.0E-3,133.0E-6,61.25E-6,35.31E-6,23.25E-6,16.85E-6,13.08E-6,10.70E-6,9.085E-6,7.940E-6,7.094E-6,6.448E-6,5.941E-6,5.535E-6,5.202E-6,4.925E-6,4.691E-6,4.491E-6,4.318E-6,4.167E-6,4.034E-6,3.915E-6,3.808E-6,3.712E-6,3.625E-6,3.545E-6,3.472E-6,3.405E-6,3.343E-6,3.285E-6,3.231E-6,3.180E-6,3.133E-6
792.0E-3,137.6E-6,63.67E-6,36.82E-6,24.33E-6,17.68E-6,13.78E-6,11.30E-6,9.619E-6,8.426E-6,7.543E-6,6.868E-6,6.337E-6,5.911E-6,5.562E-6,5.272E-6,5.026E-6,4.817E-6,4.635E-6,4.476E-6,4.336E-6,4.212E-6,4.101E-6,4.000E-6,3.909E-6,3.826E-6,3.750E-6,3.679E-6,3.614E-6,3.554E-6,3.498E-6,3.446E-6,3.396E-6
804.0E-3,142.3E-6,66.20E-6,38.42E-6,25.47E-6,18.58E-6,14.53E-6,11.95E-6,10.21E-6,8.963E-6,8.041E-6,7.335E-6,6.779E-6,6.332E-6,5.966E-6,5.661E-6,5.403E-6,5.182E-6,4.992E-6,4.825E-6,4.678E-6,4.548E-6,4.431E-6,4.326E-6,4.230E-6,4.144E-6,4.064E-6,3.991E-6,3.923E-6,3.860E-6,3.802E-6,3.748E-6,3.697E-6
816.0E-3,147.2E-6,68.83E-6,40.10E-6,26.69E-6,19.55E-6,15.34E-6,12.67E-6,10.85E-6,9.557E-6,8.594E-6,7.855E-6,7.273E-6,6.804E-6,6.419E-6,6.098E-6,5.827E-6,5.595E-6,5.395E-6,5.220E-6,5.066E-6,4.929E-6,4.806E-6,4.696E-6,4.596E-6,4.505E-6,4.422E-6,4.346E-6,4.275E-6,4.210E-6,4.149E-6,4.093E-6,4.040E-6
828.0E-3,152.2E-6,71.57E-6,41.88E-6,28.00E-6,20.59E-6,16.23E-6,13.45E-6,11.57E-6,10.22E-6,9.211E-6,8.438E-6,7.827E-6,7.335E-6,6.930E-6,6.593E-6,6.307E-6,6.063E-6,5.852E-6,5.668E-6,5.506E-6,5.362E-6,5.233E-6,5.118E-6,5.013E-6,4.918E-6,4.831E-6,4.752E-6,4.678E-6,4.610E-6,4.547E-6,4.488E-6,4.433E-6
840.0E-3,157.4E-6,74.45E-6,43.77E-6,29.39E-6,21.72E-6,17.20E-6,14.32E-6,12.36E-6,10.95E-6,9.902E-6,9.092E-6,8.451E-6,7.934E-6,7.508E-6,7.153E-6,6.852E-6,6.595E-6,6.373E-6,6.179E-6,6.008E-6,5.857E-6,5.722E-6,5.600E-6,5.491E-6,5.391E-6,5.300E-6,5.217E-6,5.140E-6,5.070E-6,5.004E-6,4.943E-6,4.886E-6
852.0E-3,162.7E-6,77.45E-6,45.76E-6,30.89E-6,22.95E-6,18.27E-6,15.28E-6,13.24E-6,11.77E-6,10.68E-6,9.827E-6,9.155E-6,8.610E-6,8.162E-6,7.788E-6,7.471E-6,7.200E-6,6.965E-6,6.761E-6,6.581E-6,6.422E-6,6.280E-6,6.153E-6,6.038E-6,5.934E-6,5.839E-6,5.752E-6,5.672E-6,5.598E-6,5.530E-6,5.467E-6,5.408E-6
864.0E-3,168.3E-6,80.60E-6,47.88E-6,32.51E-6,24.29E-6,19.44E-6,16.34E-6,14.22E-6,12.69E-6,11.54E-6,10.65E-6,9.948E-6,9.376E-6,8.903E-6,8.509E-6,8.174E-6,7.888E-6,7.641E-6,7.426E-6,7.236E-6,7.069E-6,6.919E-6,6.786E-6,6.665E-6,6.556E-6,6.457E-6,6.366E-6,6.283E-6,6.207E-6,6.136E-6,6.071E-6,6.010E-6
876.0E-3,174.0E-6,83.91E-6,50.14E-6,34.24E-6,25.74E-6,20.72E-6,17.51E-6,15.31E-6,13.72E-6,12.52E-6,11.59E-6,10.84E-6,10.24E-6,9.744E-6,9.327E-6,8.974E-6,8.672E-6,8.411E-6,8.184E-6,7.985E-6,7.808E-6,7.652E-6,7.511E-6,7.385E-6,7.271E-6,7.167E-6,7.073E-6,6.987E-6,6.907E-6,6.834E-6,6.766E-6,6.703E-6
888.0E-3,179.9E-6,87.38E-6,52.54E-6,36.11E-6,27.33E-6,22.14E-6,18.81E-6,16.52E-6,14.86E-6,13.61E-6,12.63E-6,11.85E-6,11.22E-6,10.69E-6,10.26E-6,9.883E-6,9.564E-6,9.289E-6,9.049E-6,8.839E-6,8.654E-6,8.489E-6,8.342E-6,8.209E-6,8.090E-6,7.982E-6,7.884E-6,7.794E-6,7.712E-6,7.636E-6,7.566E-6,7.502E-6
900.0E-3,186.0E-6,91.03E-6,55.10E-6,38.13E-6,29.06E-6,23.69E-6,20.24E-6,17.87E-6,16.14E-6,14.83E-6,13.81E-6,12.99E-6,12.32E-6,11.77E-6,11.31E-6,10.91E-6,10.58E-6,10.29E-6,10.03E-6,9.811E-6,9.617E-6,9.444E-6,9.289E-6,9.151E-6,9.027E-6,8.914E-6,8.812E-6,8.719E-6,8.634E-6,8.556E-6,8.484E-6,8.418E-6
912.0E-3,192.4E-6,94.87E-6,57.83E-6,40.32E-6,30.95E-6,25.41E-6,21.84E-6,19.37E-6,17.57E-6,16.20E-6,15.13E-6,14.27E-6,13.56E-6,12.98E-6,12.49E-6,12.07E-6,11.72E-6,11.41E-6,11.15E-6,10.91E-6,10.71E-6,10.53E-6,10.37E-6,10.22E-6,10.09E-6,9.977E-6,9.871E-6,9.775E-6,9.687E-6,9.607E-6,9.533E-6,9.466E-6
924.0E-3,199.0E-6,98.92E-6,60.75E-6,42.69E-6,33.02E-6,27.29E-6,23.60E-6,21.03E-6,19.16E-6,17.73E-6,16.60E-6,15.69E-6,14.95E-6,14.34E-6,13.82E-6,13.38E-6,13.01E-6,12.68E-6,12.40E-6,12.16E-6,11.95E-6,11.76E-6,11.59E-6,11.44E-6,11.30E-6,11.18E-6,11.07E-6,10.97E-6,10.88E-6,10.80E-6,10.73E-6,10.66E-6
936.0E-3,205.8E-6,103.2E-6,63.87E-6,45.25E-6,35.28E-6,29.36E-6,25.54E-6,22.88E-6,20.92E-6,19.42E-6,18.23E-6,17.28E-6,16.50E-6,15.85E-6,15.30E-6,14.84E-6,14.45E-6,14.11E-6,13.81E-6,13.56E-6,13.33E-6,13.14E-6,12.96E-6,12.80E-6,12.66E-6,12.54E-6,12.43E-6,12.33E-6,12.23E-6,12.15E-6,12.07E-6,12.00E-6
948.0E-3,212.9E-6,107.7E-6,67.20E-6,48.02E-6,37.74E-6,31.64E-6,27.68E-6,24.91E-6,22.86E-6,21.28E-6,20.04E-6,19.04E-6,18.21E-6,17.53E-6,16.95E-6,16.47E-6,16.05E-6,15.69E-6,15.39E-6,15.12E-6,14.88E-6,14.68E-6,14.49E-6,14.33E-6,14.19E-6,14.06E-6,13.94E-6,13.84E-6,13.75E-6,13.66E-6,13.59E-6,13.52E-6
960.0E-3,220.2E-6,112.4E-6,70.77E-6,51.02E-6,40.43E-6,34.13E-6,30.02E-6,27.13E-6,24.99E-6,23.34E-6,22.03E-6,20.97E-6,20.10E-6,19.37E-6,18.77E-6,18.26E-6,17.82E-6,17.45E-6,17.12E-6,16.84E-6,16.60E-6,16.38E-6,16.20E-6,16.03E-6,15.88E-6,15.75E-6,15.63E-6,15.53E-6,15.43E-6,15.35E-6,15.27E-6,15.20E-6
972.0E-3,227.9E-6,117.4E-6,74.60E-6,54.27E-6,43.36E-6,36.85E-6,32.58E-6,29.56E-6,27.31E-6,25.57E-6,24.19E-6,23.07E-6,22.16E-6,21.40E-6,20.76E-6,20.22E-6,19.76E-6,19.37E-6,19.03E-6,18.74E-6,18.48E-6,18.26E-6,18.07E-6,17.89E-6,17.74E-6,17.61E-6,17.49E-6,17.38E-6,17.29E-6,17.20E-6,17.13E-6,17.06E-6
984.0E-3,235.9E-6,122.7E-6,78.69E-6,57.78E-6,46.54E-6,39.80E-6,35.35E-6,32.20E-6,29.83E-6,28.00E-6,26.54E-6,25.36E-6,24.39E-6,23.59E-6,22.92E-6,22.35E-6,21.87E-6,21.46E-6,21.11E-6,20.80E-6,20.54E-6,20.31E-6,20.11E-6,19.93E-6,19.78E-6,19.64E-6,19.52E-6,19.41E-6,19.32E-6,19.23E-6,19.16E-6,19.09E-6
996.0E-3,244.1E-6,128.3E-6,83.08E-6,61.57E-6,49.98E-6,42.99E-6,38.35E-6,35.04E-6,32.55E-6,30.61E-6,29.07E-6,27.82E-6,26.80E-6,25.95E-6,25.24E-6,24.65E-6,24.14E-6,23.71E-6,23.35E-6,23.03E-6,22.76E-6,22.52E-6,22.31E-6,22.13E-6,21.97E-6,21.84E-6,21.71E-6,21.61E-6,21.51E-6,21.43E-6,21.36E-6,21.29E-6
1.008,252.8E-6,134.2E-6,87.77E-6,65.65E-6,53.69E-6,46.43E-6,41.58E-6,38.09E-6,35.45E-6,33.40E-6,31.77E-6,30.45E-6,29.37E-6,28.47E-6,27.73E-6,27.10E-6,26.57E-6,26.12E-6,25.74E-6,25.41E-6,25.13E-6,24.89E-6,24.68E-6,24.49E-6,24.33E-6,24.19E-6,24.07E-6,23.96E-6,23.87E-6,23.79E-6,23.72E-6,23.65E-6
1.020,261.7E-6,140.4E-6,92.79E-6,70.05E-6,57.69E-6,50.12E-6,45.02E-6,41.33E-6,38.54E-6,36.36E-6,34.63E-6,33.23E-6,32.09E-6,31.14E-6,30.36E-6,29.70E-6,29.15E-6,28.68E-6,28.29E-6,27.95E-6,27.65E-6,27.40E-6,27.19E-6,27.00E-6,26.84E-6,26.70E-6,26.58E-6,26.47E-6,26.38E-6,26.30E-6,26.23E-6,26.17E-6
1.032,271.1E-6,147.0E-6,98.15E-6,74.75E-6,61.96E-6,54.05E-6,48.67E-6,44.76E-6,41.80E-6,39.49E-6,37.65E-6,36.16E-6,34.95E-6,33.95E-6,33.13E-6,32.44E-6,31.86E-6,31.38E-6,30.96E-6,30.61E-6,30.31E-6,30.06E-6,29.83E-6,29.65E-6,29.48E-6,29.34E-6,29.22E-6,29.12E-6,29.03E-6,28.95E-6,28.88E-6,28.83E-6
1.044,280.8E-6,154.0E-6,103.9E-6,79.79E-6,66.50E-6,58.21E-6,52.53E-6,48.37E-6,45.22E-6,42.75E-6,40.80E-6,39.22E-6,37.94E-6,36.89E-6,36.02E-6,35.30E-6,34.70E-6,34.19E-6,33.76E-6,33.40E-6,33.09E-6,32.83E-6,32.60E-6,32.41E-6,32.25E-6,32.11E-6,31.99E-6,31.88E-6,31.80E-6,31.72E-6,31.66E-6,31.61E-6
1.056,291.0E-6,161.4E-6,110.0E-6,85.15E-6,71.33E-6,62.60E-6,56.57E-6,52.14E-6,48.78E-6,46.15E-6,44.07E-6,42.40E-6,41.05E-6,39.94E-6,39.03E-6,38.27E-6,37.64E-6,37.11E-6,36.67E-6,36.29E-6,35.98E-6,35.71E-6,35.48E-6,35.29E-6,35.12E-6,34.98E-6,34.86E-6,34.76E-6,34.68E-6,34.61E-6,34.55E-6,34.50E-6
1.068,301.6E-6,169.2E-6,116.5E-6,90.84E-6,76.41E-6,67.20E-6,60.78E-6,56.06E-6,52.46E-6,49.67E-6,47.46E-6,45.69E-6,44.25E-6,43.09E-6,42.13E-6,41.33E-6,40.68E-6,40.13E-6,39.67E-6,39.28E-6,38.96E-6,38.68E-6,38.45E-6,38.25E-6,38.09E-6,37.95E-6,37.83E-6,37.73E-6,37.65E-6,37.58E-6,37.53E-6,37.48E-6
1.080,312.6E-6,177.4E-6,123.3E-6,96.85E-6,81.75E-6,71.99E-6,65.15E-6,60.10E-6,56.27E-6,53.28E-6,50.93E-6,49.06E-6,47.54E-6,46.31E-6,45.31E-6,44.48E-6,43.79E-6,43.22E-6,42.75E-6,42.35E-6,42.01E-6,41.73E-6,41.50E-6,41.30E-6,41.13E-6,41.00E-6,40.88E-6,40.78E-6,40.71E-6,40.64E-6,40.59E-6,40.55E-6
1.092,324.1E-6,186.1E-6,130.6E-6,103.2E-6,87.32E-6,76.95E-6,69.65E-6,64.26E-6,60.16E-6,56.99E-6,54.49E-6,52.50E-6,50.91E-6,49.61E-6,48.56E-6,47.69E-6,46.97E-6,46.38E-6,45.89E-6,45.48E-6,45.14E-6,44.85E-6,44.61E-6,44.41E-6,44.25E-6,44.11E-6,43.99E-6,43.90E-6,43.83E-6,43.77E-6,43.72E-6,43.68E-6
1.104,336.1E-6,195.3E-6,138.3E-6,109.8E-6,93.10E-6,82.08E-6,74.27E-6,68.51E-6,64.14E-6,60.76E-6,58.11E-6,56.01E-6,54.33E-6,52.97E-6,51.86E-6,50.95E-6,50.21E-6,49.59E-6,49.09E-6,48.66E-6,48.31E-6,48.02E-6,47.78E-6,47.58E-6,47.41E-6,47.27E-6,47.16E-6,47.07E-6,47.00E-6,46.94E-6,46.90E-6,46.87E-6
1.116,348.7E-6,205.0E-6,146.4E-6,116.7E-6,99.09E-6,87.34E-6,79.00E-6,72.84E-6,68.19E-6,64.60E-6,61.79E-6,59.57E-6,57.79E-6,56.36E-6,55.21E-6,54.26E-6,53.49E-6,52.85E-6,52.32E-6,51.89E-6,51.53E-6,51.23E-6,50.99E-6,50.78E-6,50.62E-6,50.48E-6,50.37E-6,50.28E-6,50.22E-6,50.16E-6,50.12E-6,50.10E-6
1.128,361.8E-6,215.1E-6,154.9E-6,123.9E-6,105.2E-6,92.72E-6,83.81E-6,77.24E-6,72.29E-6,68.48E-6,65.51E-6,63.16E-6,61.30E-6,59.80E-6,58.59E-6,57.60E-6,56.80E-6,56.14E-6,55.59E-6,55.15E-6,54.78E-6,54.48E-6,54.23E-6,54.02E-6,53.86E-6,53.72E-6,53.61E-6,53.53E-6,53.46E-6,53.41E-6,53.38E-6,53.36E-6
1.140,375.4E-6,225.8E-6,163.7E-6,131.4E-6,111.6E-6,98.19E-6,88.69E-6,81.69E-6,76.43E-6,72.39E-6,69.25E-6,66.79E-6,64.83E-6,63.26E-6,61.99E-6,60.97E-6,60.13E-6,59.45E-6,58.89E-6,58.43E-6,58.05E-6,57.74E-6,57.49E-6,57.28E-6,57.12E-6,56.98E-6,56.88E-6,56.79E-6,56.73E-6,56.69E-6,56.66E-6,56.64E-6
1.152,389.7E-6,237.0E-6,173.0E-6,139.0E-6,118.0E-6,103.8E-6,93.62E-6,86.18E-6,80.60E-6,76.33E-6,73.02E-6,70.43E-6,68.37E-6,66.73E-6,65.41E-6,64.35E-6,63.48E-6,62.77E-6,62.20E-6,61.72E-6,61.34E-6,61.02E-6,60.77E-6,60.56E-6,60.39E-6,60.26E-6,60.16E-6,60.08E-6,60.02E-6,59.98E-6,59.95E-6,59.94E-6
1.164,404.6E-6,248.7E-6,182.6E-6,146.9E-6,124.6E-6,109.4E-6,98.60E-6,90.71E-6,84.79E-6,80.29E-6,76.81E-6,74.08E-6,71.93E-6,70.22E-6,68.84E-6,67.74E-6,66.84E-6,66.11E-6,65.51E-6,65.03E-6,64.63E-6,64.31E-6,64.05E-6,63.84E-6,63.67E-6,63.54E-6,63.44E-6,63.36E-6,63.31E-6,63.27E-6,63.25E-6,63.24E-6
1.176,420.1E-6,261.0E-6,192.5E-6,155.0E-6,131.2E-6,115.1E-6,103.6E-6,95.25E-6,89.00E-6,84.26E-6,80.60E-6,77.75E-6,75.50E-6,73.71E-6,72.28E-6,71.13E-6,70.20E-6,69.44E-6,68.83E-6,68.33E-6,67.93E-6,67.60E-6,67.34E-6,67.13E-6,66.96E-6,66.83E-6,66.73E-6,66.66E-6,66.60E-6,66.57E-6,66.55E-6,66.55E-6
1.188,436.3E-6,273.8E-6,202.8E-6,163.2E-6,137.9E-6,120.8E-6,108.6E-6,99.80E-6,93.21E-6,88.23E-6,84.39E-6,81.41E-6,79.06E-6,77.20E-6,75.71E-6,74.52E-6,73.55E-6,72.78E-6,72.15E-6,71.64E-6,71.22E-6,70.89E-6,70.62E-6,70.41E-6,70.24E-6,70.11E-6,70.01E-6,69.94E-6,69.89E-6,69.87E-6,69.85E-6,69.85E-6
1.200,453.1E-6,287.1E-6,213.3E-6,171.5E-6,144.7E-6,126.5E-6,113.7E-6,104.4E-6,97.43E-6,92.19E-6,88.18E-6,85.06E-6,82.61E-6,80.68E-6,79.14E-6,77.90E-6,76.90E-6,76.10E-6,75.45E-6,74.93E-6,74.51E-6,74.17E-6,73.90E-6,73.68E-6,73.51E-6,73.39E-6,73.29E-6,73.22E-6,73.18E-6,73.15E-6,73.14E-6,73.15E-6
