0.000,25.70E-6,8.447E-6,3.812E-6,2.128E-6,1.363E-6,957.2E-9,718.4E-9,566.6E-9,464.3E-9,392.1E-9,339.1E-9,299.0E-9,267.8E-9,243.0E-9,222.9E-9,206.3E-9,192.4E-9,180.5E-9,170.4E-9,161.5E-9,153.8E-9,147.0E-9,140.9E-9,135.4E-9,130.5E-9,126.0E-9,121.9E-9,118.2E-9,114.8E-9,111.6E-9,108.7E-9,105.9E-9
12.00E-3,24.62E-6,8.060E-6,3.629E-6,2.023E-6,1.294E-6,908.7E-9,681.7E-9,537.4E-9,440.2E-9,371.5E-9,321.2E-9,283.1E-9,253.5E-9,229.9E-9,210.8E-9,195.0E-9,181.7E-9,170.5E-9,160.8E-9,152.4E-9,145.1E-9,138.6E-9,132.8E-9,127.6E-9,122.9E-9,118.6E-9,114.7E-9,111.2E-9,107.9E-9,104.9E-9,102.1E-9,99.47E-9
24.00E-3,23.57E-6,7.686E-6,3.452E-6,1.922E-6,1.229E-6,862.0E-9,646.4E-9,509.4E-9,417.0E-9,351.9E-9,304.1E-9,267.9E-9,239.8E-9,217.4E-9,199.2E-9,184.2E-9,171.7E-9,161.0E-9,151.8E-9,143.8E-9,136.8E-9,130.6E-9,125.1E-9,120.2E-9,115.7E-9,111.6E-9,107.9E-9,104.6E-9,101.4E-9,98.56E-9,95.89E-9,93.41E-9
36.00E-3,22.55E-6,7.323E-6,3.281E-6,1.825E-6,1.165E-6,817.0E-9,612.4E-9,482.4E-9,394.8E-9,333.0E-9,287.6E-9,253.3E-9,226.6E-9,205.4E-9,188.2E-9,174.0E-9,162.0E-9,151.9E-9,143.2E-9,135.6E-9,129.0E-9,123.1E-9,117.8E-9,113.1E-9,108.9E-9,105.0E-9,101.5E-9,98.31E-9,95.35E-9,92.61E-9,90.08E-9,87.72E-9
48.00E-3,21.56E-6,6.971E-6,3.116E-6,1.730E-6,1.104E-6,773.7E-9,579.6E-9,456.4E-9,373.4E-9,314.8E-9,271.9E-9,239.4E-9,214.1E-9,194.0E-9,177.7E-9,164.2E-9,152.9E-9,143.3E-9,135.0E-9,127.8E-9,121.5E-9,115.9E-9,111.0E-9,106.5E-9,102.5E-9,98.81E-9,95.47E-9,92.41E-9,89.60E-9,87.00E-9,84.59E-9,82.35E-9
60.00E-3,20.59E-6,6.629E-6,2.955E-6,1.639E-6,1.045E-6,731.7E-9,548.0E-9,431.3E-9,352.8E-9,297.3E-9,256.7E-9,225.9E-9,202.0E-9,183.0E-9,167.5E-9,154.8E-9,144.1E-9,135.0E-9,127.2E-9,120.4E-9,114.4E-9,109.1E-9,104.4E-9,100.2E-9,96.35E-9,92.89E-9,89.72E-9,86.82E-9,84.15E-9,81.69E-9,79.40E-9,77.28E-9
72.00E-3,19.64E-6,6.295E-6,2.799E-6,1.550E-6,987.4E-9,691.2E-9,517.4E-9,407.1E-9,332.9E-9,280.5E-9,242.1E-9,213.0E-9,190.4E-9,172.4E-9,157.8E-9,145.8E-9,135.7E-9,127.1E-9,119.7E-9,113.2E-9,107.6E-9,102.6E-9,98.14E-9,94.14E-9,90.53E-9,87.25E-9,84.26E-9,81.51E-9,78.99E-9,76.65E-9,74.49E-9,72.47E-9
84.00E-3,18.71E-6,5.971E-6,2.648E-6,1.464E-6,931.8E-9,652.0E-9,487.8E-9,383.7E-9,313.7E-9,264.2E-9,228.0E-9,200.6E-9,179.3E-9,162.3E-9,148.5E-9,137.1E-9,127.6E-9,119.5E-9,112.5E-9,106.4E-9,101.1E-9,96.38E-9,92.17E-9,88.39E-9,84.98E-9,81.88E-9,79.05E-9,76.46E-9,74.07E-9,71.86E-9,69.81E-9,67.91E-9
96.00E-3,17.80E-6,5.655E-6,2.501E-6,1.380E-6,878.0E-9,614.0E-9,459.3E-9,361.1E-9,295.1E-9,248.5E-9,214.4E-9,188.6E-9,168.5E-9,152.5E-9,139.6E-9,128.8E-9,119.8E-9,112.2E-9,105.6E-9,99.90E-9,94.88E-9,90.43E-9,86.46E-9,82.90E-9,79.68E-9,76.76E-9,74.09E-9,71.64E-9,69.38E-9,67.30E-9,65.37E-9,63.57E-9
108.0E-3,16.91E-6,5.347E-6,2.358E-6,1.300E-6,825.9E-9,577.2E-9,431.6E-9,339.3E-9,277.2E-9,233.4E-9,201.3E-9,177.0E-9,158.2E-9,143.1E-9,130.9E-9,120.9E-9,112.4E-9,105.2E-9,99.02E-9,93.64E-9,88.91E-9,84.72E-9,80.99E-9,77.64E-9,74.61E-9,71.86E-9,69.34E-9,67.04E-9,64.92E-9,62.95E-9,61.13E-9,59.44E-9
120.0E-3,16.04E-6,5.046E-6,2.218E-6,1.221E-6,775.3E-9,541.6E-9,404.8E-9,318.2E-9,259.9E-9,218.8E-9,188.7E-9,165.9E-9,148.2E-9,134.1E-9,122.6E-9,113.2E-9,105.2E-9,98.49E-9,92.68E-9,87.63E-9,83.19E-9,79.26E-9,75.75E-9,72.60E-9,69.75E-9,67.17E-9,64.81E-9,62.64E-9,60.65E-9,58.80E-9,57.09E-9,55.50E-9
132.0E-3,15.19E-6,4.753E-6,2.083E-6,1.145E-6,726.3E-9,507.1E-9,379.0E-9,297.8E-9,243.2E-9,204.7E-9,176.5E-9,155.1E-9,138.6E-9,125.4E-9,114.6E-9,105.8E-9,98.35E-9,92.03E-9,86.59E-9,81.85E-9,77.69E-9,74.01E-9,70.72E-9,67.77E-9,65.10E-9,62.68E-9,60.47E-9,58.43E-9,56.56E-9,54.83E-9,53.23E-9,51.73E-9
144.0E-3,14.35E-6,4.467E-6,1.952E-6,1.071E-6,678.8E-9,473.8E-9,353.9E-9,278.0E-9,227.0E-9,191.0E-9,164.7E-9,144.8E-9,129.3E-9,116.9E-9,106.9E-9,98.66E-9,91.72E-9,85.81E-9,80.73E-9,76.30E-9,72.42E-9,68.97E-9,65.90E-9,63.14E-9,60.65E-9,58.38E-9,56.31E-9,54.41E-9,52.66E-9,51.04E-9,49.54E-9,48.14E-9
156.0E-3,13.53E-6,4.188E-6,1.824E-6,998.9E-9,632.8E-9,441.5E-9,329.7E-9,259.0E-9,211.4E-9,177.9E-9,153.3E-9,134.8E-9,120.3E-9,108.9E-9,99.52E-9,91.82E-9,85.34E-9,79.84E-9,75.10E-9,70.97E-9,67.35E-9,64.14E-9,61.28E-9,58.70E-9,56.37E-9,54.26E-9,52.33E-9,50.55E-9,48.92E-9,47.41E-9,46.00E-9,44.70E-9
168.0E-3,12.72E-6,3.917E-6,1.700E-6,929.4E-9,588.2E-9,410.2E-9,306.3E-9,240.5E-9,196.4E-9,165.2E-9,142.4E-9,125.1E-9,111.7E-9,101.1E-9,92.39E-9,85.23E-9,79.21E-9,74.10E-9,69.69E-9,65.85E-9,62.49E-9,59.50E-9,56.84E-9,54.44E-9,52.28E-9,50.31E-9,48.51E-9,46.86E-9,45.34E-9,43.93E-9,42.63E-9,41.41E-9
180.0E-3,11.93E-6,3.652E-6,1.579E-6,862.0E-9,545.2E-9,380.1E-9,283.7E-9,222.8E-9,181.8E-9,153.0E-9,131.9E-9,115.9E-9,103.4E-9,93.56E-9,85.53E-9,78.89E-9,73.32E-9,68.58E-9,64.49E-9,60.94E-9,57.81E-9,55.05E-9,52.58E-9,50.36E-9,48.35E-9,46.52E-9,44.85E-9,43.32E-9,41.91E-9,40.61E-9,39.39E-9,38.27E-9
192.0E-3,11.15E-6,3.394E-6,1.462E-6,796.9E-9,503.6E-9,351.0E-9,262.0E-9,205.7E-9,167.9E-9,141.2E-9,121.7E-9,106.9E-9,95.48E-9,86.35E-9,78.93E-9,72.80E-9,67.65E-9,63.28E-9,59.50E-9,56.22E-9,53.33E-9,50.78E-9,48.49E-9,46.44E-9,44.58E-9,42.90E-9,41.35E-9,39.94E-9,38.63E-9,37.42E-9,36.30E-9,35.26E-9
204.0E-3,10.39E-6,3.143E-6,1.349E-6,733.9E-9,463.5E-9,322.9E-9,241.0E-9,189.2E-9,154.4E-9,129.9E-9,112.0E-9,98.38E-9,87.82E-9,79.42E-9,72.60E-9,66.96E-9,62.22E-9,58.19E-9,54.72E-9,51.70E-9,49.04E-9,46.68E-9,44.58E-9,42.69E-9,40.98E-9,39.43E-9,38.00E-9,36.70E-9,35.50E-9,34.38E-9,33.35E-9,32.39E-9
216.0E-3,9.646E-6,2.900E-6,1.240E-6,673.2E-9,424.9E-9,295.9E-9,220.8E-9,173.4E-9,141.5E-9,119.0E-9,102.6E-9,90.15E-9,80.48E-9,72.78E-9,66.53E-9,61.36E-9,57.02E-9,53.32E-9,50.14E-9,47.37E-9,44.93E-9,42.77E-9,40.84E-9,39.10E-9,37.53E-9,36.11E-9,34.80E-9,33.60E-9,32.50E-9,31.48E-9,30.53E-9,29.64E-9
228.0E-3,8.917E-6,2.664E-6,1.135E-6,614.8E-9,387.7E-9,270.0E-9,201.5E-9,158.2E-9,129.1E-9,108.6E-9,93.63E-9,82.28E-9,73.45E-9,66.43E-9,60.72E-9,56.00E-9,52.04E-9,48.66E-9,45.76E-9,43.22E-9,41.00E-9,39.03E-9,37.26E-9,35.68E-9,34.24E-9,32.94E-9,31.75E-9,30.65E-9,29.64E-9,28.71E-9,27.84E-9,27.03E-9
240.0E-3,8.205E-6,2.435E-6,1.033E-6,558.8E-9,352.2E-9,245.2E-9,183.0E-9,143.7E-9,117.3E-9,98.69E-9,85.06E-9,74.75E-9,66.74E-9,60.36E-9,55.17E-9,50.88E-9,47.28E-9,44.22E-9,41.57E-9,39.27E-9,37.25E-9,35.46E-9,33.85E-9,32.41E-9,31.11E-9,29.92E-9,28.83E-9,27.84E-9,26.92E-9,26.07E-9,25.28E-9,24.54E-9
252.0E-3,7.510E-6,2.215E-6,935.6E-9,505.1E-9,318.2E-9,221.5E-9,165.3E-9,129.8E-9,106.0E-9,89.20E-9,76.89E-9,67.58E-9,60.34E-9,54.57E-9,49.89E-9,46.01E-9,42.76E-9,39.98E-9,37.59E-9,35.51E-9,33.68E-9,32.06E-9,30.61E-9,29.30E-9,28.12E-9,27.05E-9,26.06E-9,25.16E-9,24.33E-9,23.56E-9,22.84E-9,22.18E-9
264.0E-3,6.833E-6,2.002E-6,842.3E-9,454.0E-9,285.8E-9,199.0E-9,148.5E-9,116.7E-9,95.27E-9,80.18E-9,69.13E-9,60.76E-9,54.26E-9,49.08E-9,44.87E-9,41.38E-9,38.46E-9,35.96E-9,33.81E-9,31.94E-9,30.29E-9,28.83E-9,27.53E-9,26.35E-9,25.29E-9,24.32E-9,23.44E-9,22.63E-9,21.88E-9,21.18E-9,20.54E-9,19.94E-9
276.0E-3,6.177E-6,1.799E-6,753.6E-9,405.4E-9,255.1E-9,177.6E-9,132.6E-9,104.2E-9,85.11E-9,71.65E-9,61.78E-9,54.31E-9,48.50E-9,43.87E-9,40.11E-9,37.00E-9,34.39E-9,32.16E-9,30.24E-9,28.56E-9,27.09E-9,25.78E-9,24.62E-9,23.57E-9,22.61E-9,21.75E-9,20.96E-9,20.23E-9,19.56E-9,18.93E-9,18.36E-9,17.82E-9
288.0E-3,5.543E-6,1.605E-6,669.3E-9,359.4E-9,226.1E-9,157.5E-9,117.6E-9,92.44E-9,75.52E-9,63.59E-9,54.85E-9,48.23E-9,43.07E-9,38.97E-9,35.63E-9,32.87E-9,30.55E-9,28.57E-9,26.87E-9,25.38E-9,24.07E-9,22.91E-9,21.87E-9,20.94E-9,20.09E-9,19.32E-9,18.62E-9,17.97E-9,17.37E-9,16.82E-9,16.31E-9,15.83E-9
300.0E-3,4.934E-6,1.420E-6,589.9E-9,316.2E-9,198.8E-9,138.5E-9,103.5E-9,81.40E-9,66.53E-9,56.04E-9,48.35E-9,42.52E-9,37.98E-9,34.37E-9,31.43E-9,29.00E-9,26.95E-9,25.21E-9,23.70E-9,22.39E-9,21.24E-9,20.22E-9,19.30E-9,18.47E-9,17.73E-9,17.05E-9,16.43E-9,15.85E-9,15.33E-9,14.84E-9,14.38E-9,13.96E-9
312.0E-3,4.352E-6,1.246E-6,515.6E-9,275.9E-9,173.4E-9,120.9E-9,90.38E-9,71.11E-9,58.14E-9,48.99E-9,42.28E-9,37.19E-9,33.23E-9,30.08E-9,27.51E-9,25.38E-9,23.59E-9,22.07E-9,20.75E-9,19.61E-9,18.60E-9,17.70E-9,16.90E-9,16.18E-9,15.52E-9,14.93E-9,14.38E-9,13.88E-9,13.42E-9,12.99E-9,12.59E-9,12.22E-9
324.0E-3,3.800E-6,1.083E-6,446.4E-9,238.5E-9,149.9E-9,104.5E-9,78.22E-9,61.58E-9,50.38E-9,42.47E-9,36.66E-9,32.26E-9,28.83E-9,26.10E-9,23.87E-9,22.03E-9,20.48E-9,19.16E-9,18.02E-9,17.03E-9,16.15E-9,15.37E-9,14.68E-9,14.05E-9,13.48E-9,12.96E-9,12.49E-9,12.05E-9,11.65E-9,11.28E-9,10.93E-9,10.61E-9
336.0E-3,3.282E-6,931.7E-9,382.6E-9,204.1E-9,128.3E-9,89.54E-9,67.04E-9,52.82E-9,43.24E-9,36.47E-9,31.49E-9,27.72E-9,24.78E-9,22.44E-9,20.53E-9,18.95E-9,17.62E-9,16.48E-9,15.50E-9,14.65E-9,13.90E-9,13.23E-9,12.63E-9,12.09E-9,11.60E-9,11.16E-9,10.75E-9,10.37E-9,10.03E-9,9.707E-9,9.408E-9,9.130E-9
348.0E-3,2.801E-6,792.7E-9,324.4E-9,172.9E-9,108.7E-9,75.89E-9,56.88E-9,44.84E-9,36.73E-9,31.00E-9,26.79E-9,23.59E-9,21.09E-9,19.10E-9,17.48E-9,16.14E-9,15.01E-9,14.04E-9,13.21E-9,12.48E-9,11.84E-9,11.27E-9,10.76E-9,10.30E-9,9.886E-9,9.507E-9,9.159E-9,8.840E-9,8.545E-9,8.271E-9,8.017E-9,7.780E-9
360.0E-3,2.360E-6,666.4E-9,272.0E-9,144.7E-9,91.02E-9,63.62E-9,47.72E-9,37.66E-9,30.87E-9,26.07E-9,22.54E-9,19.86E-9,17.76E-9,16.09E-9,14.73E-9,13.60E-9,12.65E-9,11.84E-9,11.14E-9,10.52E-9,9.984E-9,9.504E-9,9.075E-9,8.688E-9,8.337E-9,8.017E-9,7.724E-9,7.455E-9,7.206E-9,6.975E-9,6.760E-9,6.560E-9
372.0E-3,1.962E-6,553.2E-9,225.2E-9,119.7E-9,75.33E-9,52.70E-9,39.58E-9,31.27E-9,25.65E-9,21.68E-9,18.75E-9,16.53E-9,14.79E-9,13.40E-9,12.27E-9,11.33E-9,10.54E-9,9.866E-9,9.283E-9,8.773E-9,8.324E-9,7.925E-9,7.567E-9,7.245E-9,6.952E-9,6.686E-9,6.441E-9,6.217E-9,6.009E-9,5.816E-9,5.637E-9,5.470E-9
384.0E-3,1.609E-6,453.3E-9,184.1E-9,97.82E-9,61.58E-9,43.13E-9,32.43E-9,25.64E-9,21.06E-9,17.81E-9,15.41E-9,13.59E-9,12.17E-9,11.03E-9,10.10E-9,9.331E-9,8.682E-9,8.127E-9,7.648E-9,7.229E-9,6.859E-9,6.530E-9,6.236E-9,5.970E-9,5.730E-9,5.510E-9,5.309E-9,5.123E-9,4.952E-9,4.794E-9,4.646E-9,4.508E-9
396.0E-3,1.301E-6,366.5E-9,148.6E-9,78.91E-9,49.71E-9,34.86E-9,26.24E-9,20.77E-9,17.07E-9,14.45E-9,12.51E-9,11.04E-9,9.888E-9,8.967E-9,8.215E-9,7.590E-9,7.063E-9,6.613E-9,6.224E-9,5.883E-9,5.583E-9,5.316E-9,5.076E-9,4.861E-9,4.665E-9,4.486E-9,4.322E-9,4.171E-9,4.032E-9,3.903E-9,3.782E-9,3.670E-9
408.0E-3,1.037E-6,292.3E-9,118.4E-9,62.85E-9,39.62E-9,27.82E-9,20.97E-9,16.62E-9,13.67E-9,11.58E-9,10.03E-9,8.856E-9,7.935E-9,7.198E-9,6.597E-9,6.096E-9,5.675E-9,5.314E-9,5.001E-9,4.729E-9,4.488E-9,4.273E-9,4.081E-9,3.908E-9,3.750E-9,3.607E-9,3.475E-9,3.354E-9,3.242E-9,3.138E-9,3.041E-9,2.951E-9
420.0E-3,816.2E-9,230.2E-9,93.17E-9,49.43E-9,31.18E-9,21.92E-9,16.54E-9,13.12E-9,10.81E-9,9.160E-9,7.943E-9,7.015E-9,6.288E-9,5.706E-9,5.231E-9,4.835E-9,4.502E-9,4.216E-9,3.969E-9,3.753E-9,3.562E-9,3.392E-9,3.240E-9,3.102E-9,2.977E-9,2.863E-9,2.759E-9,2.663E-9,2.574E-9,2.491E-9,2.414E-9,2.343E-9
432.0E-3,634.2E-9,179.0E-9,72.41E-9,38.41E-9,24.24E-9,17.06E-9,12.89E-9,10.24E-9,8.439E-9,7.158E-9,6.211E-9,5.488E-9,4.922E-9,4.468E-9,4.097E-9,3.788E-9,3.527E-9,3.304E-9,3.111E-9,2.942E-9,2.792E-9,2.659E-9,2.540E-9,2.432E-9,2.335E-9,2.245E-9,2.163E-9,2.088E-9,2.018E-9,1.953E-9,1.893E-9,1.837E-9
444.0E-3,487.3E-9,137.6E-9,55.63E-9,29.50E-9,18.63E-9,13.13E-9,9.930E-9,7.895E-9,6.513E-9,5.528E-9,4.799E-9,4.243E-9,3.807E-9,3.457E-9,3.170E-9,2.932E-9,2.731E-9,2.558E-9,2.409E-9,2.278E-9,2.163E-9,2.060E-9,1.968E-9,1.884E-9,1.809E-9,1.739E-9,1.676E-9,1.618E-9,1.564E-9,1.513E-9,1.467E-9,1.423E-9
456.0E-3,370.7E-9,104.7E-9,42.29E-9,22.42E-9,14.17E-9,9.992E-9,7.566E-9,6.021E-9,4.971E-9,4.222E-9,3.667E-9,3.244E-9,2.911E-9,2.644E-9,2.426E-9,2.244E-9,2.090E-9,1.959E-9,1.845E-9,1.745E-9,1.656E-9,1.578E-9,1.507E-9,1.443E-9,1.385E-9,1.332E-9,1.284E-9,1.239E-9,1.198E-9,1.159E-9,1.123E-9,1.090E-9
468.0E-3,279.6E-9,78.88E-9,31.84E-9,16.88E-9,10.67E-9,7.530E-9,5.707E-9,4.545E-9,3.755E-9,3.192E-9,2.774E-9,2.454E-9,2.203E-9,2.002E-9,1.837E-9,1.700E-9,1.583E-9,1.484E-9,1.398E-9,1.322E-9,1.255E-9,1.196E-9,1.142E-9,1.094E-9,1.050E-9,1.010E-9,973.1E-12,939.2E-12,907.8E-12,878.6E-12,851.5E-12,826.2E-12
480.0E-3,209.2E-9,58.96E-9,23.77E-9,12.59E-9,7.965E-9,5.625E-9,4.266E-9,3.400E-9,2.811E-9,2.390E-9,2.078E-9,1.839E-9,1.652E-9,1.501E-9,1.378E-9,1.275E-9,1.188E-9,1.113E-9,1.049E-9,992.2E-12,942.1E-12,897.4E-12,857.3E-12,821.1E-12,788.2E-12,758.1E-12,730.5E-12,705.0E-12,681.5E-12,659.6E-12,639.2E-12,620.2E-12
492.0E-3,155.6E-9,43.74E-9,17.61E-9,9.325E-9,5.898E-9,4.167E-9,3.163E-9,2.522E-9,2.086E-9,1.775E-9,1.544E-9,1.367E-9,1.228E-9,1.116E-9,1.025E-9,948.2E-12,883.6E-12,828.3E-12,780.2E-12,738.2E-12,700.9E-12,667.7E-12,637.9E-12,611.0E-12,586.5E-12,564.1E-12,543.6E-12,524.6E-12,507.1E-12,490.8E-12,475.6E-12,461.5E-12
504.0E-3,114.9E-9,32.24E-9,12.96E-9,6.854E-9,4.335E-9,3.064E-9,2.327E-9,1.857E-9,1.537E-9,1.308E-9,1.138E-9,1.008E-9,905.5E-12,823.2E-12,755.8E-12,699.6E-12,652.1E-12,611.3E-12,575.8E-12,544.8E-12,517.4E-12,492.9E-12,470.9E-12,451.0E-12,432.9E-12,416.4E-12,401.2E-12,387.3E-12,374.3E-12,362.3E-12,351.1E-12,340.6E-12
516.0E-3,84.46E-9,23.61E-9,9.471E-9,5.005E-9,3.165E-9,2.238E-9,1.700E-9,1.357E-9,1.124E-9,956.7E-12,832.7E-12,737.6E-12,662.9E-12,602.8E-12,553.5E-12,512.4E-12,477.6E-12,447.8E-12,421.9E-12,399.2E-12,379.1E-12,361.1E-12,345.0E-12,330.5E-12,317.2E-12,305.1E-12,294.0E-12,283.8E-12,274.3E-12,265.5E-12,257.3E-12,249.6E-12
528.0E-3,61.72E-9,17.19E-9,6.879E-9,3.630E-9,2.295E-9,1.623E-9,1.234E-9,985.4E-12,816.1E-12,695.1E-12,605.1E-12,536.2E-12,482.0E-12,438.4E-12,402.6E-12,372.7E-12,347.5E-12,325.8E-12,306.9E-12,290.4E-12,275.8E-12,262.8E-12,251.0E-12,240.5E-12,230.8E-12,222.0E-12,213.9E-12,206.5E-12,199.6E-12,193.2E-12,187.2E-12,181.6E-12
540.0E-3,44.86E-9,12.44E-9,4.965E-9,2.617E-9,1.654E-9,1.170E-9,889.5E-12,710.7E-12,588.8E-12,501.7E-12,436.9E-12,387.2E-12,348.1E-12,316.6E-12,290.8E-12,269.3E-12,251.1E-12,235.4E-12,221.8E-12,209.9E-12,199.3E-12,189.9E-12,181.4E-12,173.8E-12,166.8E-12,160.5E-12,154.6E-12,149.2E-12,144.2E-12,139.6E-12,135.3E-12,131.2E-12
552.0E-3,32.43E-9,8.956E-9,3.563E-9,1.875E-9,1.184E-9,837.7E-12,637.1E-12,509.2E-12,422.1E-12,359.7E-12,313.3E-12,277.8E-12,249.8E-12,227.2E-12,208.7E-12,193.3E-12,180.2E-12,169.0E-12,159.2E-12,150.7E-12,143.1E-12,136.3E-12,130.3E-12,124.8E-12,119.8E-12,115.2E-12,111.0E-12,107.1E-12,103.5E-12,100.2E-12,97.11E-12,94.21E-12
564.0E-3,23.32E-9,6.409E-9,2.542E-9,1.335E-9,842.8E-12,596.1E-12,453.5E-12,362.6E-12,300.6E-12,256.3E-12,223.3E-12,198.0E-12,178.1E-12,162.0E-12,148.8E-12,137.8E-12,128.5E-12,120.5E-12,113.6E-12,107.5E-12,102.1E-12,97.25E-12,92.92E-12,89.00E-12,85.43E-12,82.17E-12,79.18E-12,76.41E-12,73.85E-12,71.48E-12,69.26E-12,67.19E-12
576.0E-3,16.69E-9,4.562E-9,1.803E-9,945.3E-12,596.2E-12,421.7E-12,320.9E-12,256.6E-12,212.8E-12,181.5E-12,158.1E-12,140.2E-12,126.1E-12,114.8E-12,105.5E-12,97.69E-12,91.09E-12,85.42E-12,80.49E-12,76.17E-12,72.35E-12,68.93E-12,65.86E-12,63.08E-12,60.55E-12,58.24E-12,56.12E-12,54.16E-12,52.34E-12,50.66E-12,49.09E-12,47.62E-12
588.0E-3,11.89E-9,3.231E-9,1.272E-9,665.6E-12,419.4E-12,296.6E-12,225.7E-12,180.5E-12,149.8E-12,127.7E-12,111.3E-12,98.74E-12,88.83E-12,80.84E-12,74.29E-12,68.81E-12,64.16E-12,60.17E-12,56.70E-12,53.66E-12,50.97E-12,48.56E-12,46.40E-12,44.44E-12,42.66E-12,41.03E-12,39.53E-12,38.15E-12,36.87E-12,35.68E-12,34.57E-12,33.54E-12
600.0E-3,8.429E-9,2.277E-9,893.3E-12,466.3E-12,293.5E-12,207.5E-12,157.9E-12,126.3E-12,104.8E-12,89.39E-12,77.92E-12,69.13E-12,62.20E-12,56.61E-12,52.02E-12,48.19E-12,44.94E-12,42.14E-12,39.72E-12,37.58E-12,35.70E-12,34.01E-12,32.50E-12,31.12E-12,29.88E-12,28.73E-12,27.69E-12,26.72E-12,25.82E-12,24.99E-12,24.21E-12,23.49E-12
612.0E-3,5.953E-9,1.598E-9,624.3E-12,325.1E-12,204.4E-12,144.4E-12,109.9E-12,87.92E-12,72.95E-12,62.23E-12,54.26E-12,48.14E-12,43.32E-12,39.43E-12,36.24E-12,33.57E-12,31.30E-12,29.36E-12,27.67E-12,26.18E-12,24.87E-12,23.69E-12,22.64E-12,21.68E-12,20.81E-12,20.02E-12,19.28E-12,18.61E-12,17.99E-12,17.40E-12,16.86E-12,16.36E-12
624.0E-3,4.189E-9,1.117E-9,434.5E-12,225.7E-12,141.8E-12,100.1E-12,76.14E-12,60.91E-12,50.55E-12,43.12E-12,37.60E-12,33.36E-12,30.02E-12,27.33E-12,25.12E-12,23.27E-12,21.70E-12,20.35E-12,19.18E-12,18.15E-12,17.24E-12,16.42E-12,15.69E-12,15.03E-12,14.43E-12,13.87E-12,13.37E-12,12.90E-12,12.47E-12,12.06E-12,11.69E-12,11.34E-12
636.0E-3,2.939E-9,777.7E-12,301.3E-12,156.1E-12,97.91E-12,69.09E-12,52.54E-12,42.03E-12,34.87E-12,29.75E-12,25.95E-12,23.02E-12,20.72E-12,18.86E-12,17.33E-12,16.06E-12,14.98E-12,14.05E-12,13.24E-12,12.53E-12,11.90E-12,11.33E-12,10.83E-12,10.37E-12,9.955E-12,9.573E-12,9.223E-12,8.900E-12,8.601E-12,8.323E-12,8.063E-12,7.821E-12
648.0E-3,2.055E-9,540.0E-12,208.3E-12,107.6E-12,67.40E-12,47.52E-12,36.12E-12,28.89E-12,23.97E-12,20.45E-12,17.83E-12,15.82E-12,14.24E-12,12.96E-12,11.92E-12,11.04E-12,10.29E-12,9.655E-12,9.099E-12,8.610E-12,8.178E-12,7.791E-12,7.443E-12,7.128E-12,6.842E-12,6.580E-12,6.339E-12,6.117E-12,5.911E-12,5.719E-12,5.541E-12,5.374E-12
660.0E-3,1.434E-9,373.9E-12,143.6E-12,73.99E-12,46.25E-12,32.58E-12,24.76E-12,19.80E-12,16.42E-12,14.01E-12,12.22E-12,10.84E-12,9.756E-12,8.882E-12,8.163E-12,7.562E-12,7.052E-12,6.614E-12,6.233E-12,5.898E-12,5.602E-12,5.337E-12,5.098E-12,4.883E-12,4.686E-12,4.507E-12,4.341E-12,4.189E-12,4.048E-12,3.917E-12,3.794E-12,3.680E-12
672.0E-3,998.5E-12,258.3E-12,98.72E-12,50.73E-12,31.66E-12,22.28E-12,16.92E-12,13.53E-12,11.22E-12,9.571E-12,8.346E-12,7.405E-12,6.664E-12,6.067E-12,5.576E-12,5.165E-12,4.817E-12,4.517E-12,4.257E-12,4.028E-12,3.826E-12,3.644E-12,3.482E-12,3.334E-12,3.200E-12,3.077E-12,2.964E-12,2.860E-12,2.764E-12,2.674E-12,2.590E-12,2.512E-12
684.0E-3,693.9E-12,178.1E-12,67.74E-12,34.71E-12,21.63E-12,15.20E-12,11.54E-12,9.221E-12,7.647E-12,6.522E-12,5.687E-12,5.045E-12,4.540E-12,4.133E-12,3.799E-12,3.519E-12,3.281E-12,3.077E-12,2.900E-12,2.744E-12,2.606E-12,2.482E-12,2.371E-12,2.271E-12,2.179E-12,2.096E-12,2.019E-12,1.948E-12,1.882E-12,1.821E-12,1.764E-12,1.711E-12
696.0E-3,481.5E-12,122.6E-12,46.40E-12,23.71E-12,14.74E-12,10.35E-12,7.853E-12,6.273E-12,5.201E-12,4.435E-12,3.867E-12,3.430E-12,3.087E-12,2.810E-12,2.582E-12,2.392E-12,2.231E-12,2.092E-12,1.971E-12,1.865E-12,1.771E-12,1.687E-12,1.612E-12,1.543E-12,1.481E-12,1.424E-12,1.372E-12,1.323E-12,1.279E-12,1.237E-12,1.198E-12,1.162E-12
708.0E-3,333.6E-12,84.24E-12,31.73E-12,16.16E-12,10.03E-12,7.039E-12,5.335E-12,4.260E-12,3.531E-12,3.011E-12,2.624E-12,2.328E-12,2.095E-12,1.907E-12,1.752E-12,1.623E-12,1.513E-12,1.419E-12,1.337E-12,1.265E-12,1.201E-12,1.144E-12,1.093E-12,1.047E-12,1.005E-12,965.9E-15,930.3E-15,897.5E-15,867.2E-15,839.0E-15,812.6E-15,788.1E-15
720.0E-3,230.9E-12,57.83E-12,21.68E-12,11.01E-12,6.820E-12,4.779E-12,3.620E-12,2.889E-12,2.393E-12,2.040E-12,1.778E-12,1.577E-12,1.419E-12,1.292E-12,1.187E-12,1.099E-12,1.025E-12,961.3E-15,905.7E-15,857.0E-15,813.7E-15,775.1E-15,740.3E-15,708.9E-15,680.2E-15,654.0E-15,629.9E-15,607.7E-15,587.1E-15,568.0E-15,550.2E-15,533.5E-15
732.0E-3,159.7E-12,39.65E-12,14.79E-12,7.488E-12,4.631E-12,3.241E-12,2.453E-12,1.956E-12,1.621E-12,1.381E-12,1.204E-12,1.067E-12,960.3E-15,874.0E-15,803.1E-15,743.8E-15,693.5E-15,650.3E-15,612.7E-15,579.7E-15,550.4E-15,524.2E-15,500.7E-15,479.4E-15,460.0E-15,442.3E-15,426.0E-15,410.9E-15,397.0E-15,384.1E-15,372.0E-15,360.7E-15
744.0E-3,110.3E-12,27.16E-12,10.08E-12,5.089E-12,3.141E-12,2.196E-12,1.660E-12,1.324E-12,1.096E-12,933.9E-15,813.7E-15,721.6E-15,649.1E-15,590.7E-15,542.7E-15,502.7E-15,468.6E-15,439.4E-15,414.0E-15,391.6E-15,371.8E-15,354.2E-15,338.3E-15,323.9E-15,310.7E-15,298.7E-15,287.7E-15,277.6E-15,268.1E-15,259.4E-15,251.2E-15,243.6E-15
756.0E-3,76.15E-12,18.60E-12,6.867E-12,3.456E-12,2.129E-12,1.486E-12,1.123E-12,894.7E-15,740.6E-15,630.9E-15,549.6E-15,487.3E-15,438.3E-15,398.9E-15,366.5E-15,339.4E-15,316.4E-15,296.6E-15,279.4E-15,264.4E-15,251.0E-15,239.0E-15,228.3E-15,218.6E-15,209.7E-15,201.6E-15,194.2E-15,187.3E-15,180.9E-15,175.0E-15,169.5E-15,164.3E-15
768.0E-3,52.55E-12,12.72E-12,4.675E-12,2.345E-12,1.442E-12,1.005E-12,759.0E-15,604.4E-15,500.1E-15,425.9E-15,371.0E-15,328.9E-15,295.8E-15,269.1E-15,247.2E-15,228.9E-15,213.4E-15,200.1E-15,188.5E-15,178.3E-15,169.3E-15,161.2E-15,154.0E-15,147.4E-15,141.4E-15,135.9E-15,130.9E-15,126.3E-15,122.0E-15,118.0E-15,114.3E-15,110.8E-15
780.0E-3,36.24E-12,8.700E-12,3.180E-12,1.590E-12,976.0E-15,679.6E-15,512.7E-15,408.0E-15,337.5E-15,287.3E-15,250.2E-15,221.8E-15,199.5E-15,181.5E-15,166.7E-15,154.3E-15,143.9E-15,134.9E-15,127.1E-15,120.2E-15,114.1E-15,108.7E-15,103.8E-15,99.33E-15,95.29E-15,91.60E-15,88.21E-15,85.09E-15,82.19E-15,79.50E-15,76.99E-15,74.64E-15
792.0E-3,24.98E-12,5.946E-12,2.163E-12,1.078E-12,660.3E-15,459.2E-15,346.1E-15,275.3E-15,227.6E-15,193.7E-15,168.7E-15,149.5E-15,134.4E-15,122.3E-15,112.3E-15,104.0E-15,96.94E-15,90.87E-15,85.60E-15,80.96E-15,76.86E-15,73.19E-15,69.89E-15,66.90E-15,64.18E-15,61.69E-15,59.41E-15,57.30E-15,55.34E-15,53.53E-15,51.84E-15,50.26E-15
804.0E-3,17.21E-12,4.063E-12,1.470E-12,730.7E-15,446.6E-15,310.2E-15,233.6E-15,185.7E-15,153.5E-15,130.6E-15,113.7E-15,100.7E-15,90.56E-15,82.38E-15,75.66E-15,70.05E-15,65.29E-15,61.20E-15,57.64E-15,54.52E-15,51.75E-15,49.28E-15,47.05E-15,45.04E-15,43.21E-15,41.53E-15,39.99E-15,38.57E-15,37.25E-15,36.03E-15,34.89E-15,33.82E-15
816.0E-3,11.86E-12,2.775E-12,999.1E-15,495.0E-15,301.9E-15,209.4E-15,157.6E-15,125.2E-15,103.4E-15,87.98E-15,76.56E-15,67.84E-15,60.98E-15,55.47E-15,50.94E-15,47.16E-15,43.95E-15,41.19E-15,38.80E-15,36.69E-15,34.83E-15,33.16E-15,31.66E-15,30.31E-15,29.07E-15,27.94E-15,26.91E-15,25.95E-15,25.06E-15,24.24E-15,23.47E-15,22.75E-15
828.0E-3,8.168E-12,1.895E-12,678.8E-15,335.2E-15,204.1E-15,141.4E-15,106.3E-15,84.38E-15,69.68E-15,59.26E-15,51.56E-15,45.67E-15,41.05E-15,37.34E-15,34.29E-15,31.74E-15,29.58E-15,27.72E-15,26.11E-15,24.69E-15,23.43E-15,22.31E-15,21.30E-15,20.39E-15,19.56E-15,18.80E-15,18.10E-15,17.45E-15,16.86E-15,16.30E-15,15.79E-15,15.30E-15
840.0E-3,5.624E-12,1.294E-12,461.0E-15,227.0E-15,137.9E-15,95.41E-15,71.65E-15,56.86E-15,46.93E-15,39.90E-15,34.71E-15,30.74E-15,27.63E-15,25.13E-15,23.07E-15,21.35E-15,19.90E-15,18.65E-15,17.56E-15,16.61E-15,15.76E-15,15.01E-15,14.33E-15,13.71E-15,13.15E-15,12.64E-15,12.17E-15,11.74E-15,11.34E-15,10.96E-15,10.61E-15,10.29E-15
852.0E-3,3.872E-12,882.9E-15,313.1E-15,153.7E-15,93.17E-15,64.37E-15,48.30E-15,38.30E-15,31.60E-15,26.86E-15,23.36E-15,20.69E-15,18.59E-15,16.90E-15,15.52E-15,14.37E-15,13.39E-15,12.54E-15,11.81E-15,11.17E-15,10.60E-15,10.09E-15,9.634E-15,9.221E-15,8.844E-15,8.499E-15,8.183E-15,7.891E-15,7.620E-15,7.369E-15,7.135E-15,6.916E-15
864.0E-3,2.665E-12,602.6E-15,212.6E-15,104.0E-15,62.94E-15,43.43E-15,32.56E-15,25.80E-15,21.28E-15,18.08E-15,15.72E-15,13.92E-15,12.51E-15,11.37E-15,10.44E-15,9.662E-15,9.002E-15,8.436E-15,7.943E-15,7.511E-15,7.128E-15,6.785E-15,6.478E-15,6.199E-15,5.945E-15,5.714E-15,5.500E-15,5.304E-15,5.122E-15,4.953E-15,4.795E-15,4.648E-15
876.0E-3,1.834E-12,411.2E-15,144.3E-15,70.40E-15,42.51E-15,29.29E-15,21.94E-15,17.38E-15,14.33E-15,12.17E-15,10.58E-15,9.366E-15,8.414E-15,7.649E-15,7.021E-15,6.498E-15,6.054E-15,5.672E-15,5.341E-15,5.050E-15,4.792E-15,4.562E-15,4.354E-15,4.167E-15,3.996E-15,3.840E-15,3.697E-15,3.565E-15,3.442E-15,3.329E-15,3.223E-15,3.123E-15
888.0E-3,1.262E-12,280.6E-15,97.98E-15,47.64E-15,28.71E-15,19.76E-15,14.78E-15,11.70E-15,9.644E-15,8.189E-15,7.118E-15,6.300E-15,5.659E-15,5.144E-15,4.722E-15,4.369E-15,4.070E-15,3.814E-15,3.591E-15,3.395E-15,3.221E-15,3.066E-15,2.927E-15,2.801E-15,2.686E-15,2.581E-15,2.485E-15,2.396E-15,2.313E-15,2.237E-15,2.165E-15,2.099E-15
900.0E-3,868.8E-15,191.4E-15,66.51E-15,32.24E-15,19.39E-15,13.33E-15,9.962E-15,7.881E-15,6.492E-15,5.511E-15,4.788E-15,4.238E-15,3.806E-15,3.459E-15,3.175E-15,2.938E-15,2.737E-15,2.564E-15,2.414E-15,2.282E-15,2.165E-15,2.061E-15,1.967E-15,1.882E-15,1.805E-15,1.734E-15,1.670E-15,1.610E-15,1.554E-15,1.503E-15,1.455E-15,1.410E-15
912.0E-3,597.8E-15,130.6E-15,45.15E-15,21.81E-15,13.09E-15,8.986E-15,6.712E-15,5.307E-15,4.369E-15,3.708E-15,3.221E-15,2.850E-15,2.560E-15,2.326E-15,2.135E-15,1.975E-15,1.840E-15,1.724E-15,1.623E-15,1.534E-15,1.455E-15,1.385E-15,1.322E-15,1.265E-15,1.213E-15,1.166E-15,1.122E-15,1.082E-15,1.044E-15,1.010E-15,977.4E-18,947.3E-18
924.0E-3,411.4E-15,89.09E-15,30.64E-15,14.76E-15,8.841E-15,6.060E-15,4.522E-15,3.573E-15,2.941E-15,2.495E-15,2.167E-15,1.917E-15,1.721E-15,1.564E-15,1.435E-15,1.328E-15,1.237E-15,1.159E-15,1.091E-15,1.031E-15,978.1E-18,930.9E-18,888.5E-18,850.0E-18,815.1E-18,783.1E-18,753.8E-18,726.7E-18,701.6E-18,678.3E-18,656.6E-18,636.4E-18
936.0E-3,283.1E-15,60.77E-15,20.80E-15,9.987E-15,5.970E-15,4.086E-15,3.047E-15,2.406E-15,1.979E-15,1.678E-15,1.457E-15,1.289E-15,1.157E-15,1.052E-15,965.0E-18,892.7E-18,831.4E-18,778.8E-18,733.0E-18,692.9E-18,657.3E-18,625.6E-18,597.0E-18,571.2E-18,547.7E-18,526.2E-18,506.4E-18,488.2E-18,471.4E-18,455.7E-18,441.1E-18,427.5E-18
948.0E-3,194.8E-15,41.46E-15,14.12E-15,6.757E-15,4.031E-15,2.755E-15,2.053E-15,1.620E-15,1.332E-15,1.129E-15,980.3E-18,867.0E-18,778.3E-18,707.1E-18,648.7E-18,600.1E-18,558.8E-18,523.4E-18,492.7E-18,465.7E-18,441.7E-18,420.4E-18,401.2E-18,383.8E-18,368.0E-18,353.5E-18,340.2E-18,328.0E-18,316.7E-18,306.1E-18,296.3E-18,287.1E-18
960.0E-3,134.0E-15,28.28E-15,9.580E-15,4.571E-15,2.722E-15,1.858E-15,1.383E-15,1.090E-15,896.3E-18,759.7E-18,659.4E-18,583.1E-18,523.3E-18,475.4E-18,436.1E-18,403.4E-18,375.6E-18,351.8E-18,331.1E-18,312.9E-18,296.8E-18,282.5E-18,269.6E-18,257.9E-18,247.2E-18,237.5E-18,228.6E-18,220.3E-18,212.7E-18,205.6E-18,199.0E-18,192.9E-18
972.0E-3,92.19E-15,19.29E-15,6.501E-15,3.093E-15,1.838E-15,1.253E-15,931.5E-18,734.1E-18,603.1E-18,511.1E-18,443.5E-18,392.1E-18,351.9E-18,319.6E-18,293.2E-18,271.1E-18,252.5E-18,236.4E-18,222.5E-18,210.3E-18,199.5E-18,189.8E-18,181.1E-18,173.3E-18,166.1E-18,159.6E-18,153.6E-18,148.0E-18,142.9E-18,138.1E-18,133.7E-18,129.5E-18
984.0E-3,63.43E-15,13.16E-15,4.412E-15,2.092E-15,1.241E-15,844.6E-18,627.5E-18,494.2E-18,405.9E-18,343.8E-18,298.3E-18,263.7E-18,236.6E-18,214.9E-18,197.1E-18,182.3E-18,169.7E-18,158.9E-18,149.5E-18,141.3E-18,134.0E-18,127.5E-18,121.7E-18,116.4E-18,111.6E-18,107.2E-18,103.2E-18,99.43E-18,95.99E-18,92.78E-18,89.80E-18,87.01E-18
996.0E-3,43.64E-15,8.975E-15,2.994E-15,1.415E-15,837.6E-18,569.5E-18,422.7E-18,332.7E-18,273.1E-18,231.3E-18,200.6E-18,177.3E-18,159.1E-18,144.4E-18,132.5E-18,122.5E-18,114.1E-18,106.8E-18,100.5E-18,94.97E-18,90.07E-18,85.70E-18,81.77E-18,78.21E-18,74.98E-18,72.02E-18,69.30E-18,66.79E-18,64.48E-18,62.32E-18,60.31E-18,58.44E-18
1.008,30.02E-15,6.121E-15,2.032E-15,957.5E-18,565.5E-18,384.0E-18,284.7E-18,224.0E-18,183.8E-18,155.6E-18,134.9E-18,119.2E-18,106.9E-18,97.11E-18,89.05E-18,82.34E-18,76.65E-18,71.78E-18,67.54E-18,63.82E-18,60.52E-18,57.58E-18,54.94E-18,52.55E-18,50.37E-18,48.38E-18,46.55E-18,44.87E-18,43.31E-18,41.86E-18,40.51E-18,39.25E-18
1.020,20.65E-15,4.175E-15,1.379E-15,647.8E-18,381.8E-18,258.9E-18,191.8E-18,150.8E-18,123.7E-18,104.7E-18,90.73E-18,80.16E-18,71.90E-18,65.28E-18,59.86E-18,55.34E-18,51.52E-18,48.24E-18,45.39E-18,42.88E-18,40.67E-18,38.69E-18,36.91E-18,35.30E-18,33.84E-18,32.50E-18,31.27E-18,30.14E-18,29.09E-18,28.12E-18,27.21E-18,26.36E-18
1.032,14.21E-15,2.848E-15,935.7E-18,438.2E-18,257.7E-18,174.5E-18,129.2E-18,101.5E-18,83.21E-18,70.40E-18,61.02E-18,53.90E-18,48.34E-18,43.88E-18,40.24E-18,37.20E-18,34.63E-18,32.42E-18,30.50E-18,28.82E-18,27.33E-18,26.00E-18,24.80E-18,23.72E-18,22.73E-18,21.83E-18,21.01E-18,20.25E-18,19.54E-18,18.88E-18,18.27E-18,17.71E-18
1.044,9.775E-15,1.942E-15,635.0E-18,296.4E-18,174.0E-18,117.7E-18,87.02E-18,68.33E-18,55.99E-18,47.35E-18,41.04E-18,36.24E-18,32.50E-18,29.50E-18,27.05E-18,25.00E-18,23.27E-18,21.79E-18,20.50E-18,19.36E-18,18.36E-18,17.47E-18,16.66E-18,15.93E-18,15.27E-18,14.67E-18,14.11E-18,13.60E-18,13.12E-18,12.68E-18,12.27E-18,11.89E-18
1.056,6.725E-15,1.325E-15,430.9E-18,200.5E-18,117.5E-18,79.34E-18,58.62E-18,46.00E-18,37.67E-18,31.85E-18,27.60E-18,24.37E-18,21.85E-18,19.83E-18,18.18E-18,16.80E-18,15.64E-18,14.64E-18,13.77E-18,13.01E-18,12.34E-18,11.74E-18,11.19E-18,10.70E-18,10.26E-18,9.853E-18,9.479E-18,9.135E-18,8.816E-18,8.520E-18,8.244E-18,7.986E-18
1.068,4.626E-15,903.6E-18,292.4E-18,135.7E-18,79.31E-18,53.49E-18,39.48E-18,30.96E-18,25.35E-18,21.43E-18,18.56E-18,16.39E-18,14.69E-18,13.33E-18,12.22E-18,11.29E-18,10.51E-18,9.839E-18,9.255E-18,8.743E-18,8.289E-18,7.885E-18,7.521E-18,7.192E-18,6.892E-18,6.619E-18,6.367E-18,6.136E-18,5.921E-18,5.722E-18,5.537E-18,5.364E-18
1.080,3.183E-15,616.3E-18,198.4E-18,91.77E-18,53.54E-18,36.06E-18,26.60E-18,20.84E-18,17.06E-18,14.41E-18,12.48E-18,11.02E-18,9.876E-18,8.962E-18,8.214E-18,7.591E-18,7.064E-18,6.612E-18,6.219E-18,5.875E-18,5.570E-18,5.298E-18,5.053E-18,4.832E-18,4.630E-18,4.446E-18,4.277E-18,4.121E-18,3.977E-18,3.843E-18,3.719E-18,3.602E-18
1.092,2.189E-15,420.3E-18,134.7E-18,62.08E-18,36.15E-18,24.31E-18,17.91E-18,14.03E-18,11.48E-18,9.695E-18,8.394E-18,7.409E-18,6.640E-18,6.024E-18,5.521E-18,5.102E-18,4.748E-18,4.443E-18,4.179E-18,3.948E-18,3.742E-18,3.559E-18,3.395E-18,3.246E-18,3.110E-18,2.987E-18,2.873E-18,2.768E-18,2.671E-18,2.581E-18,2.498E-18,2.419E-18
1.104,1.506E-15,286.7E-18,91.37E-18,41.99E-18,24.40E-18,16.39E-18,12.07E-18,9.445E-18,7.722E-18,6.521E-18,5.645E-18,4.981E-18,4.464E-18,4.050E-18,3.711E-18,3.429E-18,3.191E-18,2.986E-18,2.808E-18,2.653E-18,2.515E-18,2.391E-18,2.281E-18,2.181E-18,2.090E-18,2.006E-18,1.930E-18,1.859E-18,1.794E-18,1.734E-18,1.677E-18,1.625E-18
1.116,1.036E-15,195.5E-18,62.01E-18,28.41E-18,16.47E-18,11.05E-18,8.128E-18,6.358E-18,5.196E-18,4.387E-18,3.796E-18,3.349E-18,3.001E-18,2.722E-18,2.495E-18,2.305E-18,2.144E-18,2.007E-18,1.887E-18,1.782E-18,1.690E-18,1.607E-18,1.532E-18,1.465E-18,1.404E-18,1.348E-18,1.296E-18,1.249E-18,1.205E-18,1.164E-18,1.127E-18,1.091E-18
1.128,712.8E-18,133.4E-18,42.08E-18,19.22E-18,11.12E-18,7.451E-18,5.475E-18,4.280E-18,3.496E-18,2.951E-18,2.553E-18,2.252E-18,2.018E-18,1.830E-18,1.677E-18,1.549E-18,1.441E-18,1.349E-18,1.268E-18,1.198E-18,1.135E-18,1.080E-18,1.029E-18,984.2E-21,943.0E-21,905.4E-21,870.8E-21,838.9E-21,809.5E-21,782.1E-21,756.6E-21,732.8E-21
1.140,490.4E-18,90.96E-18,28.55E-18,13.00E-18,7.508E-18,5.023E-18,3.688E-18,2.881E-18,2.353E-18,1.985E-18,1.717E-18,1.514E-18,1.356E-18,1.230E-18,1.127E-18,1.041E-18,968.6E-21,906.3E-21,852.2E-21,804.7E-21,762.8E-21,725.3E-21,691.6E-21,661.2E-21,633.5E-21,608.2E-21,584.9E-21,563.5E-21,543.7E-21,525.3E-21,508.2E-21,492.2E-21
1.152,337.3E-18,62.04E-18,19.38E-18,8.794E-18,5.069E-18,3.386E-18,2.484E-18,1.939E-18,1.583E-18,1.335E-18,1.155E-18,1.018E-18,911.9E-21,827.0E-21,757.6E-21,699.8E-21,650.9E-21,609.0E-21,572.6E-21,540.7E-21,512.5E-21,487.3E-21,464.7E-21,444.2E-21,425.6E-21,408.5E-21,392.9E-21,378.5E-21,365.2E-21,352.8E-21,341.3E-21,330.5E-21
1.164,232.1E-18,42.31E-18,13.15E-18,5.949E-18,3.422E-18,2.283E-18,1.673E-18,1.306E-18,1.065E-18,898.0E-21,776.4E-21,684.6E-21,613.1E-21,555.9E-21,509.2E-21,470.3E-21,437.5E-21,409.3E-21,384.8E-21,363.3E-21,344.4E-21,327.4E-21,312.2E-21,298.4E-21,285.9E-21,274.4E-21,263.9E-21,254.2E-21,245.3E-21,237.0E-21,229.2E-21,222.0E-21
1.176,159.6E-18,28.86E-18,8.922E-18,4.024E-18,2.310E-18,1.539E-18,1.127E-18,878.8E-21,716.6E-21,604.1E-21,522.2E-21,460.3E-21,412.2E-21,373.7E-21,342.3E-21,316.1E-21,294.0E-21,275.0E-21,258.6E-21,244.1E-21,231.4E-21,220.0E-21,209.7E-21,200.5E-21,192.0E-21,184.4E-21,177.3E-21,170.8E-21,164.7E-21,159.2E-21,153.9E-21,149.1E-21
1.188,109.8E-18,19.68E-18,6.054E-18,2.722E-18,1.560E-18,1.038E-18,759.1E-21,591.6E-21,482.2E-21,406.3E-21,351.2E-21,309.5E-21,277.1E-21,251.2E-21,230.1E-21,212.5E-21,197.6E-21,184.8E-21,173.8E-21,164.1E-21,155.5E-21,147.8E-21,140.9E-21,134.7E-21,129.0E-21,123.8E-21,119.1E-21,114.7E-21,110.7E-21,106.9E-21,103.4E-21,100.1E-21
1.200,75.55E-18,13.42E-18,4.108E-18,1.841E-18,1.053E-18,699.6E-21,511.3E-21,398.2E-21,324.5E-21,273.3E-21,236.1E-21,208.1E-21,186.3E-21,168.9E-21,154.6E-21,142.8E-21,132.8E-21,124.2E-21,116.8E-21,110.2E-21,104.5E-21,99.30E-21,94.67E-21,90.48E-21,86.67E-21,83.19E-21,79.99E-21,77.05E-21,74.32E-21,71.79E-21,69.44E-21,67.24E-21
