0.000,-159.2E-6,-79.36E-6,-47.78E-6,-32.63E-6,-24.33E-6,-19.36E-6,-16.17E-6,-14.03E-6,-12.52E-6,-11.44E-6,-10.63E-6,-10.03E-6,-9.557E-6,-9.190E-6,-8.900E-6,-8.666E-6,-8.478E-6,-8.323E-6,-8.197E-6,-8.091E-6,-8.004E-6,-7.930E-6,-7.868E-6,-7.816E-6,-7.771E-6,-7.734E-6,-7.701E-6,-7.674E-6,-7.650E-6,-7.630E-6,-7.613E-6,-7.598E-6
12.00E-3,-151.4E-6,-75.41E-6,-45.39E-6,-31.00E-6,-23.12E-6,-18.39E-6,-15.36E-6,-13.32E-6,-11.90E-6,-10.87E-6,-10.10E-6,-9.526E-6,-9.082E-6,-8.734E-6,-8.459E-6,-8.238E-6,-8.059E-6,-7.914E-6,-7.794E-6,-7.694E-6,-7.611E-6,-7.542E-6,-7.484E-6,-7.434E-6,-7.393E-6,-7.357E-6,-7.327E-6,-7.301E-6,-7.279E-6,-7.260E-6,-7.244E-6,-7.230E-6
24.00E-3,-143.7E-6,-71.55E-6,-43.06E-6,-29.40E-6,-21.93E-6,-17.44E-6,-14.57E-6,-12.64E-6,-11.29E-6,-10.31E-6,-9.586E-6,-9.040E-6,-8.619E-6,-8.290E-6,-8.029E-6,-7.821E-6,-7.652E-6,-7.514E-6,-7.401E-6,-7.307E-6,-7.229E-6,-7.164E-6,-7.109E-6,-7.062E-6,-7.023E-6,-6.990E-6,-6.962E-6,-6.938E-6,-6.917E-6,-6.899E-6,-6.884E-6,-6.872E-6
36.00E-3,-136.2E-6,-67.79E-6,-40.79E-6,-27.85E-6,-20.77E-6,-16.52E-6,-13.80E-6,-11.97E-6,-10.69E-6,-9.767E-6,-9.083E-6,-8.566E-6,-8.168E-6,-7.857E-6,-7.611E-6,-7.414E-6,-7.254E-6,-7.125E-6,-7.018E-6,-6.929E-6,-6.856E-6,-6.795E-6,-6.743E-6,-6.700E-6,-6.663E-6,-6.632E-6,-6.605E-6,-6.583E-6,-6.564E-6,-6.547E-6,-6.533E-6,-6.521E-6
48.00E-3,-128.8E-6,-64.11E-6,-38.58E-6,-26.34E-6,-19.64E-6,-15.62E-6,-13.05E-6,-11.32E-6,-10.11E-6,-9.239E-6,-8.593E-6,-8.105E-6,-7.729E-6,-7.436E-6,-7.203E-6,-7.018E-6,-6.868E-6,-6.745E-6,-6.645E-6,-6.562E-6,-6.493E-6,-6.435E-6,-6.387E-6,-6.346E-6,-6.312E-6,-6.283E-6,-6.258E-6,-6.237E-6,-6.219E-6,-6.204E-6,-6.191E-6,-6.180E-6
60.00E-3,-121.6E-6,-60.53E-6,-36.42E-6,-24.87E-6,-18.54E-6,-14.75E-6,-12.33E-6,-10.69E-6,-9.550E-6,-8.726E-6,-8.117E-6,-7.656E-6,-7.302E-6,-7.026E-6,-6.807E-6,-6.632E-6,-6.491E-6,-6.376E-6,-6.282E-6,-6.204E-6,-6.139E-6,-6.085E-6,-6.040E-6,-6.002E-6,-5.970E-6,-5.943E-6,-5.920E-6,-5.900E-6,-5.883E-6,-5.869E-6,-5.857E-6,-5.847E-6
72.00E-3,-114.6E-6,-57.04E-6,-34.32E-6,-23.44E-6,-17.48E-6,-13.91E-6,-11.62E-6,-10.08E-6,-9.003E-6,-8.227E-6,-7.654E-6,-7.220E-6,-6.887E-6,-6.628E-6,-6.422E-6,-6.258E-6,-6.125E-6,-6.017E-6,-5.929E-6,-5.856E-6,-5.795E-6,-5.745E-6,-5.703E-6,-5.667E-6,-5.637E-6,-5.612E-6,-5.590E-6,-5.572E-6,-5.557E-6,-5.544E-6,-5.533E-6,-5.523E-6
84.00E-3,-107.8E-6,-53.64E-6,-32.28E-6,-22.05E-6,-16.44E-6,-13.08E-6,-10.93E-6,-9.484E-6,-8.473E-6,-7.743E-6,-7.204E-6,-6.797E-6,-6.485E-6,-6.241E-6,-6.048E-6,-5.894E-6,-5.770E-6,-5.669E-6,-5.586E-6,-5.518E-6,-5.461E-6,-5.414E-6,-5.375E-6,-5.341E-6,-5.314E-6,-5.290E-6,-5.270E-6,-5.253E-6,-5.239E-6,-5.227E-6,-5.217E-6,-5.208E-6
96.00E-3,-101.1E-6,-50.33E-6,-30.30E-6,-20.70E-6,-15.44E-6,-12.28E-6,-10.26E-6,-8.907E-6,-7.958E-6,-7.274E-6,-6.769E-6,-6.387E-6,-6.094E-6,-5.865E-6,-5.685E-6,-5.541E-6,-5.425E-6,-5.330E-6,-5.253E-6,-5.189E-6,-5.137E-6,-5.093E-6,-5.056E-6,-5.025E-6,-4.999E-6,-4.977E-6,-4.959E-6,-4.943E-6,-4.930E-6,-4.919E-6,-4.910E-6,-4.902E-6
108.0E-3,-94.64E-6,-47.12E-6,-28.38E-6,-19.39E-6,-14.46E-6,-11.51E-6,-9.619E-6,-8.348E-6,-7.459E-6,-6.819E-6,-6.346E-6,-5.989E-6,-5.715E-6,-5.502E-6,-5.333E-6,-5.199E-6,-5.090E-6,-5.002E-6,-4.930E-6,-4.871E-6,-4.822E-6,-4.781E-6,-4.747E-6,-4.718E-6,-4.694E-6,-4.674E-6,-4.657E-6,-4.643E-6,-4.630E-6,-4.620E-6,-4.612E-6,-4.605E-6
120.0E-3,-88.35E-6,-44.01E-6,-26.51E-6,-18.12E-6,-13.52E-6,-10.76E-6,-8.994E-6,-7.807E-6,-6.977E-6,-6.379E-6,-5.937E-6,-5.604E-6,-5.349E-6,-5.149E-6,-4.992E-6,-4.867E-6,-4.766E-6,-4.684E-6,-4.617E-6,-4.562E-6,-4.516E-6,-4.479E-6,-4.447E-6,-4.420E-6,-4.398E-6,-4.380E-6,-4.364E-6,-4.351E-6,-4.340E-6,-4.330E-6,-4.323E-6,-4.316E-6
132.0E-3,-82.24E-6,-40.99E-6,-24.71E-6,-16.89E-6,-12.61E-6,-10.04E-6,-8.390E-6,-7.283E-6,-6.510E-6,-5.953E-6,-5.542E-6,-5.232E-6,-4.994E-6,-4.809E-6,-4.663E-6,-4.546E-6,-4.452E-6,-4.376E-6,-4.314E-6,-4.263E-6,-4.221E-6,-4.186E-6,-4.157E-6,-4.132E-6,-4.112E-6,-4.095E-6,-4.080E-6,-4.068E-6,-4.058E-6,-4.049E-6,-4.042E-6,-4.036E-6
144.0E-3,-76.32E-6,-38.07E-6,-22.96E-6,-15.70E-6,-11.72E-6,-9.335E-6,-7.806E-6,-6.778E-6,-6.060E-6,-5.542E-6,-5.160E-6,-4.872E-6,-4.651E-6,-4.479E-6,-4.344E-6,-4.236E-6,-4.149E-6,-4.079E-6,-4.021E-6,-3.974E-6,-3.935E-6,-3.903E-6,-3.876E-6,-3.853E-6,-3.835E-6,-3.819E-6,-3.806E-6,-3.794E-6,-3.785E-6,-3.777E-6,-3.771E-6,-3.766E-6
156.0E-3,-70.59E-6,-35.24E-6,-21.27E-6,-14.56E-6,-10.87E-6,-8.660E-6,-7.243E-6,-6.290E-6,-5.625E-6,-5.145E-6,-4.792E-6,-4.525E-6,-4.321E-6,-4.162E-6,-4.036E-6,-3.936E-6,-3.856E-6,-3.791E-6,-3.738E-6,-3.695E-6,-3.659E-6,-3.629E-6,-3.604E-6,-3.584E-6,-3.567E-6,-3.552E-6,-3.540E-6,-3.530E-6,-3.522E-6,-3.515E-6,-3.509E-6,-3.504E-6
168.0E-3,-65.05E-6,-32.52E-6,-19.64E-6,-13.45E-6,-10.05E-6,-8.009E-6,-6.701E-6,-5.821E-6,-5.206E-6,-4.763E-6,-4.437E-6,-4.191E-6,-4.002E-6,-3.855E-6,-3.740E-6,-3.648E-6,-3.574E-6,-3.514E-6,-3.465E-6,-3.425E-6,-3.393E-6,-3.365E-6,-3.343E-6,-3.324E-6,-3.308E-6,-3.295E-6,-3.284E-6,-3.275E-6,-3.267E-6,-3.261E-6,-3.255E-6,-3.251E-6
180.0E-3,-59.72E-6,-29.89E-6,-18.08E-6,-12.39E-6,-9.262E-6,-7.383E-6,-6.179E-6,-5.369E-6,-4.803E-6,-4.396E-6,-4.095E-6,-3.869E-6,-3.695E-6,-3.561E-6,-3.454E-6,-3.370E-6,-3.302E-6,-3.247E-6,-3.203E-6,-3.166E-6,-3.136E-6,-3.111E-6,-3.090E-6,-3.073E-6,-3.059E-6,-3.047E-6,-3.037E-6,-3.029E-6,-3.022E-6,-3.016E-6,-3.011E-6,-3.007E-6
192.0E-3,-54.59E-6,-27.37E-6,-16.57E-6,-11.37E-6,-8.504E-6,-6.783E-6,-5.679E-6,-4.936E-6,-4.417E-6,-4.043E-6,-3.767E-6,-3.560E-6,-3.401E-6,-3.277E-6,-3.180E-6,-3.103E-6,-3.041E-6,-2.991E-6,-2.950E-6,-2.917E-6,-2.889E-6,-2.867E-6,-2.848E-6,-2.832E-6,-2.819E-6,-2.808E-6,-2.799E-6,-2.792E-6,-2.786E-6,-2.780E-6,-2.776E-6,-2.773E-6
204.0E-3,-49.67E-6,-24.95E-6,-15.13E-6,-10.39E-6,-7.778E-6,-6.207E-6,-5.199E-6,-4.520E-6,-4.046E-6,-3.705E-6,-3.453E-6,-3.264E-6,-3.119E-6,-3.006E-6,-2.917E-6,-2.847E-6,-2.790E-6,-2.745E-6,-2.708E-6,-2.677E-6,-2.652E-6,-2.632E-6,-2.615E-6,-2.601E-6,-2.589E-6,-2.579E-6,-2.571E-6,-2.564E-6,-2.559E-6,-2.554E-6,-2.550E-6,-2.547E-6
216.0E-3,-44.96E-6,-22.64E-6,-13.75E-6,-9.455E-6,-7.084E-6,-5.657E-6,-4.740E-6,-4.123E-6,-3.692E-6,-3.382E-6,-3.153E-6,-2.980E-6,-2.848E-6,-2.746E-6,-2.666E-6,-2.602E-6,-2.550E-6,-2.509E-6,-2.476E-6,-2.448E-6,-2.426E-6,-2.407E-6,-2.392E-6,-2.379E-6,-2.368E-6,-2.360E-6,-2.352E-6,-2.346E-6,-2.341E-6,-2.337E-6,-2.334E-6,-2.331E-6
228.0E-3,-40.48E-6,-20.44E-6,-12.44E-6,-8.563E-6,-6.422E-6,-5.132E-6,-4.303E-6,-3.744E-6,-3.354E-6,-3.073E-6,-2.866E-6,-2.710E-6,-2.591E-6,-2.498E-6,-2.425E-6,-2.368E-6,-2.321E-6,-2.284E-6,-2.254E-6,-2.229E-6,-2.209E-6,-2.192E-6,-2.178E-6,-2.167E-6,-2.157E-6,-2.150E-6,-2.143E-6,-2.138E-6,-2.133E-6,-2.130E-6,-2.127E-6,-2.124E-6
240.0E-3,-36.22E-6,-18.34E-6,-11.19E-6,-7.716E-6,-5.793E-6,-4.633E-6,-3.887E-6,-3.384E-6,-3.033E-6,-2.780E-6,-2.593E-6,-2.453E-6,-2.345E-6,-2.262E-6,-2.196E-6,-2.145E-6,-2.103E-6,-2.070E-6,-2.042E-6,-2.020E-6,-2.002E-6,-1.987E-6,-1.975E-6,-1.965E-6,-1.956E-6,-1.949E-6,-1.944E-6,-1.939E-6,-1.935E-6,-1.932E-6,-1.929E-6,-1.927E-6
252.0E-3,-32.19E-6,-16.36E-6,-10.01E-6,-6.913E-6,-5.197E-6,-4.160E-6,-3.492E-6,-3.042E-6,-2.728E-6,-2.501E-6,-2.334E-6,-2.208E-6,-2.112E-6,-2.038E-6,-1.979E-6,-1.933E-6,-1.896E-6,-1.866E-6,-1.842E-6,-1.822E-6,-1.806E-6,-1.792E-6,-1.782E-6,-1.773E-6,-1.765E-6,-1.759E-6,-1.754E-6,-1.750E-6,-1.746E-6,-1.744E-6,-1.741E-6,-1.739E-6
264.0E-3,-28.41E-6,-14.50E-6,-8.895E-6,-6.155E-6,-4.634E-6,-3.713E-6,-3.120E-6,-2.720E-6,-2.440E-6,-2.238E-6,-2.089E-6,-1.977E-6,-1.892E-6,-1.825E-6,-1.773E-6,-1.732E-6,-1.699E-6,-1.673E-6,-1.651E-6,-1.634E-6,-1.620E-6,-1.608E-6,-1.598E-6,-1.590E-6,-1.584E-6,-1.578E-6,-1.574E-6,-1.570E-6,-1.567E-6,-1.565E-6,-1.563E-6,-1.562E-6
276.0E-3,-24.87E-6,-12.75E-6,-7.849E-6,-5.444E-6,-4.105E-6,-3.293E-6,-2.770E-6,-2.416E-6,-2.169E-6,-1.990E-6,-1.859E-6,-1.760E-6,-1.684E-6,-1.626E-6,-1.580E-6,-1.543E-6,-1.514E-6,-1.491E-6,-1.472E-6,-1.457E-6,-1.444E-6,-1.434E-6,-1.425E-6,-1.418E-6,-1.413E-6,-1.408E-6,-1.404E-6,-1.401E-6,-1.398E-6,-1.396E-6,-1.395E-6,-1.393E-6
288.0E-3,-21.59E-6,-11.13E-6,-6.873E-6,-4.780E-6,-3.611E-6,-2.901E-6,-2.442E-6,-2.132E-6,-1.915E-6,-1.758E-6,-1.643E-6,-1.556E-6,-1.489E-6,-1.438E-6,-1.398E-6,-1.366E-6,-1.341E-6,-1.320E-6,-1.304E-6,-1.290E-6,-1.279E-6,-1.270E-6,-1.263E-6,-1.257E-6,-1.252E-6,-1.248E-6,-1.245E-6,-1.242E-6,-1.240E-6,-1.238E-6,-1.236E-6,-1.235E-6
300.0E-3,-18.57E-6,-9.623E-6,-5.970E-6,-4.163E-6,-3.151E-6,-2.535E-6,-2.137E-6,-1.867E-6,-1.678E-6,-1.542E-6,-1.441E-6,-1.366E-6,-1.308E-6,-1.263E-6,-1.228E-6,-1.200E-6,-1.178E-6,-1.160E-6,-1.146E-6,-1.135E-6,-1.125E-6,-1.117E-6,-1.111E-6,-1.106E-6,-1.102E-6,-1.098E-6,-1.095E-6,-1.093E-6,-1.091E-6,-1.089E-6,-1.088E-6,-1.087E-6
312.0E-3,-15.82E-6,-8.246E-6,-5.138E-6,-3.595E-6,-2.727E-6,-2.198E-6,-1.854E-6,-1.622E-6,-1.459E-6,-1.341E-6,-1.254E-6,-1.189E-6,-1.139E-6,-1.101E-6,-1.070E-6,-1.047E-6,-1.028E-6,-1.012E-6,-999.9E-9,-990.0E-9,-981.8E-9,-975.2E-9,-969.8E-9,-965.3E-9,-961.7E-9,-958.7E-9,-956.3E-9,-954.3E-9,-952.8E-9,-951.5E-9,-950.5E-9,-949.7E-9
324.0E-3,-13.33E-6,-6.994E-6,-4.380E-6,-3.075E-6,-2.339E-6,-1.888E-6,-1.595E-6,-1.397E-6,-1.257E-6,-1.157E-6,-1.082E-6,-1.027E-6,-984.0E-9,-951.0E-9,-925.2E-9,-904.8E-9,-888.5E-9,-875.5E-9,-865.0E-9,-856.5E-9,-849.6E-9,-844.0E-9,-839.4E-9,-835.6E-9,-832.6E-9,-830.1E-9,-828.0E-9,-826.4E-9,-825.1E-9,-824.0E-9,-823.2E-9,-822.5E-9
336.0E-3,-11.11E-6,-5.869E-6,-3.695E-6,-2.604E-6,-1.986E-6,-1.606E-6,-1.359E-6,-1.191E-6,-1.073E-6,-988.3E-9,-925.4E-9,-878.2E-9,-842.1E-9,-814.1E-9,-792.3E-9,-775.1E-9,-761.3E-9,-750.3E-9,-741.5E-9,-734.3E-9,-728.5E-9,-723.8E-9,-719.9E-9,-716.8E-9,-714.2E-9,-712.1E-9,-710.4E-9,-709.1E-9,-708.0E-9,-707.1E-9,-706.4E-9,-705.9E-9
348.0E-3,-9.146E-6,-4.870E-6,-3.083E-6,-2.181E-6,-1.668E-6,-1.352E-6,-1.146E-6,-1.006E-6,-907.3E-9,-836.0E-9,-783.3E-9,-743.7E-9,-713.5E-9,-690.1E-9,-671.8E-9,-657.4E-9,-645.9E-9,-636.7E-9,-629.4E-9,-623.4E-9,-618.5E-9,-614.6E-9,-611.4E-9,-608.8E-9,-606.7E-9,-605.0E-9,-603.6E-9,-602.4E-9,-601.6E-9,-600.9E-9,-600.3E-9,-599.9E-9
360.0E-3,-7.442E-6,-3.993E-6,-2.543E-6,-1.807E-6,-1.386E-6,-1.126E-6,-956.1E-9,-840.2E-9,-758.6E-9,-699.6E-9,-656.0E-9,-623.2E-9,-598.2E-9,-578.8E-9,-563.7E-9,-551.7E-9,-542.2E-9,-534.7E-9,-528.6E-9,-523.6E-9,-519.7E-9,-516.4E-9,-513.8E-9,-511.7E-9,-509.9E-9,-508.5E-9,-507.4E-9,-506.5E-9,-505.8E-9,-505.2E-9,-504.8E-9,-504.4E-9
372.0E-3,-5.982E-6,-3.234E-6,-2.072E-6,-1.479E-6,-1.138E-6,-926.9E-9,-788.4E-9,-693.8E-9,-627.2E-9,-578.9E-9,-543.2E-9,-516.4E-9,-495.9E-9,-480.0E-9,-467.6E-9,-457.9E-9,-450.1E-9,-444.0E-9,-439.0E-9,-435.0E-9,-431.7E-9,-429.1E-9,-427.0E-9,-425.3E-9,-423.9E-9,-422.7E-9,-421.8E-9,-421.1E-9,-420.5E-9,-420.1E-9,-419.7E-9,-419.5E-9
384.0E-3,-4.751E-6,-2.588E-6,-1.668E-6,-1.196E-6,-923.4E-9,-753.8E-9,-642.4E-9,-566.2E-9,-512.3E-9,-473.3E-9,-444.5E-9,-422.8E-9,-406.2E-9,-393.4E-9,-383.4E-9,-375.6E-9,-369.3E-9,-364.3E-9,-360.3E-9,-357.1E-9,-354.5E-9,-352.4E-9,-350.7E-9,-349.3E-9,-348.2E-9,-347.3E-9,-346.6E-9,-346.0E-9,-345.5E-9,-345.2E-9,-344.9E-9,-344.7E-9
396.0E-3,-3.729E-6,-2.045E-6,-1.326E-6,-955.0E-9,-739.9E-9,-605.5E-9,-517.0E-9,-456.4E-9,-413.5E-9,-382.4E-9,-359.3E-9,-342.0E-9,-328.8E-9,-318.6E-9,-310.6E-9,-304.3E-9,-299.3E-9,-295.4E-9,-292.2E-9,-289.6E-9,-287.6E-9,-285.9E-9,-284.5E-9,-283.5E-9,-282.6E-9,-281.9E-9,-281.3E-9,-280.8E-9,-280.5E-9,-280.2E-9,-280.0E-9,-279.9E-9
408.0E-3,-2.894E-6,-1.597E-6,-1.042E-6,-753.3E-9,-585.6E-9,-480.4E-9,-411.0E-9,-363.3E-9,-329.5E-9,-305.0E-9,-286.9E-9,-273.3E-9,-262.8E-9,-254.8E-9,-248.5E-9,-243.5E-9,-239.6E-9,-236.5E-9,-234.0E-9,-232.0E-9,-230.4E-9,-229.1E-9,-228.0E-9,-227.2E-9,-226.5E-9,-225.9E-9,-225.5E-9,-225.2E-9,-224.9E-9,-224.7E-9,-224.5E-9,-224.4E-9
420.0E-3,-2.222E-6,-1.234E-6,-808.7E-9,-587.2E-9,-457.9E-9,-376.6E-9,-322.7E-9,-285.7E-9,-259.4E-9,-240.4E-9,-226.3E-9,-215.6E-9,-207.5E-9,-201.2E-9,-196.4E-9,-192.5E-9,-189.5E-9,-187.0E-9,-185.1E-9,-183.5E-9,-182.3E-9,-181.3E-9,-180.5E-9,-179.8E-9,-179.3E-9,-178.9E-9,-178.5E-9,-178.3E-9,-178.1E-9,-177.9E-9,-177.8E-9,-177.7E-9
432.0E-3,-1.691E-6,-942.8E-9,-620.8E-9,-452.5E-9,-353.9E-9,-291.7E-9,-250.4E-9,-222.0E-9,-201.8E-9,-187.2E-9,-176.3E-9,-168.1E-9,-161.9E-9,-157.0E-9,-153.3E-9,-150.3E-9,-148.0E-9,-146.1E-9,-144.6E-9,-143.4E-9,-142.5E-9,-141.7E-9,-141.1E-9,-140.6E-9,-140.2E-9,-139.9E-9,-139.6E-9,-139.4E-9,-139.3E-9,-139.1E-9,-139.1E-9,-139.0E-9
444.0E-3,-1.275E-6,-713.7E-9,-471.8E-9,-345.0E-9,-270.5E-9,-223.4E-9,-192.1E-9,-170.5E-9,-155.2E-9,-144.1E-9,-135.8E-9,-129.6E-9,-124.8E-9,-121.1E-9,-118.3E-9,-116.0E-9,-114.2E-9,-112.8E-9,-111.7E-9,-110.8E-9,-110.1E-9,-109.5E-9,-109.0E-9,-108.6E-9,-108.3E-9,-108.1E-9,-107.9E-9,-107.8E-9,-107.6E-9,-107.6E-9,-107.5E-9,-107.4E-9
456.0E-3,-954.6E-9,-535.6E-9,-355.2E-9,-260.5E-9,-204.7E-9,-169.4E-9,-145.9E-9,-129.6E-9,-118.1E-9,-109.7E-9,-103.5E-9,-98.76E-9,-95.18E-9,-92.41E-9,-90.26E-9,-88.56E-9,-87.23E-9,-86.17E-9,-85.32E-9,-84.64E-9,-84.10E-9,-83.66E-9,-83.31E-9,-83.03E-9,-82.80E-9,-82.62E-9,-82.48E-9,-82.37E-9,-82.28E-9,-82.22E-9,-82.17E-9,-82.13E-9
468.0E-3,-709.8E-9,-399.0E-9,-265.2E-9,-195.0E-9,-153.5E-9,-127.2E-9,-109.7E-9,-97.59E-9,-88.97E-9,-82.69E-9,-78.04E-9,-74.53E-9,-71.86E-9,-69.79E-9,-68.18E-9,-66.92E-9,-65.92E-9,-65.13E-9,-64.50E-9,-64.00E-9,-63.59E-9,-63.27E-9,-63.01E-9,-62.80E-9,-62.63E-9,-62.50E-9,-62.39E-9,-62.31E-9,-62.25E-9,-62.20E-9,-62.16E-9,-62.14E-9
480.0E-3,-524.7E-9,-295.1E-9,-196.6E-9,-144.8E-9,-114.2E-9,-94.75E-9,-81.79E-9,-72.82E-9,-66.44E-9,-61.79E-9,-58.34E-9,-55.74E-9,-53.76E-9,-52.23E-9,-51.04E-9,-50.10E-9,-49.36E-9,-48.78E-9,-48.31E-9,-47.94E-9,-47.64E-9,-47.40E-9,-47.21E-9,-47.06E-9,-46.93E-9,-46.83E-9,-46.76E-9,-46.70E-9,-46.65E-9,-46.62E-9,-46.59E-9,-46.57E-9
492.0E-3,-385.6E-9,-216.9E-9,-144.7E-9,-106.7E-9,-84.28E-9,-70.02E-9,-60.50E-9,-53.91E-9,-49.21E-9,-45.79E-9,-43.26E-9,-41.35E-9,-39.89E-9,-38.76E-9,-37.88E-9,-37.20E-9,-36.66E-9,-36.23E-9,-35.88E-9,-35.61E-9,-35.39E-9,-35.21E-9,-35.07E-9,-34.96E-9,-34.87E-9,-34.80E-9,-34.74E-9,-34.70E-9,-34.67E-9,-34.64E-9,-34.62E-9,-34.61E-9
504.0E-3,-281.9E-9,-158.5E-9,-105.8E-9,-78.14E-9,-61.78E-9,-51.38E-9,-44.43E-9,-39.62E-9,-36.19E-9,-33.69E-9,-31.83E-9,-30.44E-9,-29.37E-9,-28.55E-9,-27.91E-9,-27.41E-9,-27.01E-9,-26.70E-9,-26.45E-9,-26.25E-9,-26.09E-9,-25.96E-9,-25.86E-9,-25.77E-9,-25.71E-9,-25.66E-9,-25.62E-9,-25.58E-9,-25.56E-9,-25.54E-9,-25.53E-9,-25.52E-9
516.0E-3,-205.0E-9,-115.1E-9,-76.93E-9,-56.86E-9,-45.00E-9,-37.46E-9,-32.41E-9,-28.92E-9,-26.43E-9,-24.61E-9,-23.27E-9,-22.25E-9,-21.48E-9,-20.88E-9,-20.42E-9,-20.05E-9,-19.76E-9,-19.54E-9,-19.35E-9,-19.21E-9,-19.09E-9,-19.00E-9,-18.93E-9,-18.87E-9,-18.82E-9,-18.78E-9,-18.75E-9,-18.73E-9,-18.71E-9,-18.70E-9,-18.69E-9,-18.68E-9
528.0E-3,-148.3E-9,-83.19E-9,-55.59E-9,-41.12E-9,-32.57E-9,-27.13E-9,-23.49E-9,-20.97E-9,-19.17E-9,-17.86E-9,-16.89E-9,-16.16E-9,-15.60E-9,-15.17E-9,-14.83E-9,-14.57E-9,-14.36E-9,-14.20E-9,-14.07E-9,-13.96E-9,-13.88E-9,-13.81E-9,-13.76E-9,-13.72E-9,-13.68E-9,-13.65E-9,-13.63E-9,-13.62E-9,-13.60E-9,-13.59E-9,-13.59E-9,-13.58E-9
540.0E-3,-106.8E-9,-59.77E-9,-39.94E-9,-29.56E-9,-23.43E-9,-19.53E-9,-16.92E-9,-15.11E-9,-13.82E-9,-12.88E-9,-12.18E-9,-11.66E-9,-11.26E-9,-10.95E-9,-10.71E-9,-10.52E-9,-10.37E-9,-10.25E-9,-10.16E-9,-10.08E-9,-10.02E-9,-9.976E-9,-9.937E-9,-9.907E-9,-9.882E-9,-9.862E-9,-9.847E-9,-9.834E-9,-9.825E-9,-9.818E-9,-9.812E-9,-9.808E-9
552.0E-3,-76.53E-9,-42.71E-9,-28.53E-9,-21.12E-9,-16.75E-9,-13.97E-9,-12.11E-9,-10.82E-9,-9.902E-9,-9.231E-9,-8.734E-9,-8.359E-9,-8.073E-9,-7.853E-9,-7.681E-9,-7.547E-9,-7.440E-9,-7.356E-9,-7.289E-9,-7.236E-9,-7.193E-9,-7.159E-9,-7.131E-9,-7.109E-9,-7.091E-9,-7.077E-9,-7.066E-9,-7.057E-9,-7.050E-9,-7.045E-9,-7.041E-9,-7.038E-9
564.0E-3,-54.58E-9,-30.37E-9,-20.27E-9,-15.01E-9,-11.91E-9,-9.934E-9,-8.615E-9,-7.701E-9,-7.049E-9,-6.574E-9,-6.221E-9,-5.956E-9,-5.753E-9,-5.596E-9,-5.475E-9,-5.379E-9,-5.304E-9,-5.245E-9,-5.197E-9,-5.159E-9,-5.129E-9,-5.104E-9,-5.085E-9,-5.069E-9,-5.056E-9,-5.046E-9,-5.038E-9,-5.032E-9,-5.027E-9,-5.023E-9,-5.020E-9,-5.018E-9
576.0E-3,-38.76E-9,-21.48E-9,-14.32E-9,-10.60E-9,-8.413E-9,-7.022E-9,-6.092E-9,-5.448E-9,-4.988E-9,-4.653E-9,-4.404E-9,-4.217E-9,-4.074E-9,-3.964E-9,-3.878E-9,-3.811E-9,-3.758E-9,-3.716E-9,-3.682E-9,-3.655E-9,-3.634E-9,-3.617E-9,-3.603E-9,-3.592E-9,-3.583E-9,-3.576E-9,-3.570E-9,-3.565E-9,-3.562E-9,-3.559E-9,-3.557E-9,-3.555E-9
588.0E-3,-27.41E-9,-15.13E-9,-10.07E-9,-7.452E-9,-5.913E-9,-4.936E-9,-4.284E-9,-3.831E-9,-3.509E-9,-3.274E-9,-3.100E-9,-2.968E-9,-2.868E-9,-2.791E-9,-2.731E-9,-2.684E-9,-2.647E-9,-2.617E-9,-2.593E-9,-2.575E-9,-2.560E-9,-2.547E-9,-2.538E-9,-2.530E-9,-2.523E-9,-2.518E-9,-2.514E-9,-2.511E-9,-2.508E-9,-2.506E-9,-2.505E-9,-2.504E-9
600.0E-3,-19.32E-9,-10.61E-9,-7.047E-9,-5.211E-9,-4.134E-9,-3.451E-9,-2.996E-9,-2.680E-9,-2.455E-9,-2.291E-9,-2.169E-9,-2.078E-9,-2.008E-9,-1.954E-9,-1.912E-9,-1.879E-9,-1.853E-9,-1.833E-9,-1.816E-9,-1.803E-9,-1.792E-9,-1.784E-9,-1.777E-9,-1.772E-9,-1.767E-9,-1.763E-9,-1.761E-9,-1.758E-9,-1.756E-9,-1.755E-9,-1.754E-9,-1.753E-9
612.0E-3,-13.57E-9,-7.411E-9,-4.911E-9,-3.628E-9,-2.877E-9,-2.402E-9,-2.085E-9,-1.865E-9,-1.709E-9,-1.595E-9,-1.510E-9,-1.447E-9,-1.398E-9,-1.361E-9,-1.332E-9,-1.309E-9,-1.291E-9,-1.276E-9,-1.265E-9,-1.256E-9,-1.249E-9,-1.243E-9,-1.238E-9,-1.234E-9,-1.231E-9,-1.228E-9,-1.226E-9,-1.225E-9,-1.223E-9,-1.222E-9,-1.221E-9,-1.221E-9
624.0E-3,-9.502E-9,-5.159E-9,-3.410E-9,-2.516E-9,-1.994E-9,-1.664E-9,-1.444E-9,-1.292E-9,-1.184E-9,-1.105E-9,-1.047E-9,-1.003E-9,-969.0E-12,-943.1E-12,-923.0E-12,-907.2E-12,-894.7E-12,-884.8E-12,-876.9E-12,-870.5E-12,-865.4E-12,-861.3E-12,-857.9E-12,-855.3E-12,-853.1E-12,-851.3E-12,-849.9E-12,-848.7E-12,-847.8E-12,-847.0E-12,-846.4E-12,-845.9E-12
636.0E-3,-6.637E-9,-3.581E-9,-2.359E-9,-1.738E-9,-1.376E-9,-1.148E-9,-996.3E-12,-891.4E-12,-816.7E-12,-762.4E-12,-722.1E-12,-691.8E-12,-668.7E-12,-650.8E-12,-636.9E-12,-626.0E-12,-617.4E-12,-610.6E-12,-605.1E-12,-600.7E-12,-597.2E-12,-594.3E-12,-592.0E-12,-590.2E-12,-588.6E-12,-587.4E-12,-586.4E-12,-585.6E-12,-584.9E-12,-584.4E-12,-583.9E-12,-583.6E-12
648.0E-3,-4.625E-9,-2.479E-9,-1.628E-9,-1.197E-9,-946.9E-12,-789.5E-12,-684.9E-12,-612.7E-12,-561.4E-12,-524.0E-12,-496.3E-12,-475.5E-12,-459.6E-12,-447.4E-12,-437.8E-12,-430.3E-12,-424.4E-12,-419.7E-12,-415.9E-12,-412.9E-12,-410.5E-12,-408.5E-12,-406.9E-12,-405.6E-12,-404.6E-12,-403.7E-12,-403.0E-12,-402.4E-12,-402.0E-12,-401.6E-12,-401.3E-12,-401.0E-12
660.0E-3,-3.217E-9,-1.712E-9,-1.120E-9,-822.0E-12,-649.6E-12,-541.3E-12,-469.4E-12,-419.8E-12,-384.6E-12,-359.0E-12,-340.0E-12,-325.7E-12,-314.9E-12,-306.5E-12,-299.9E-12,-294.8E-12,-290.7E-12,-287.5E-12,-284.9E-12,-282.9E-12,-281.2E-12,-279.8E-12,-278.7E-12,-277.8E-12,-277.1E-12,-276.5E-12,-276.0E-12,-275.6E-12,-275.3E-12,-275.0E-12,-274.8E-12,-274.6E-12
672.0E-3,-2.234E-9,-1.180E-9,-769.2E-12,-563.2E-12,-444.5E-12,-370.1E-12,-320.8E-12,-286.8E-12,-262.7E-12,-245.2E-12,-232.3E-12,-222.5E-12,-215.1E-12,-209.3E-12,-204.9E-12,-201.3E-12,-198.6E-12,-196.4E-12,-194.6E-12,-193.2E-12,-192.0E-12,-191.1E-12,-190.3E-12,-189.7E-12,-189.2E-12,-188.8E-12,-188.4E-12,-188.2E-12,-187.9E-12,-187.7E-12,-187.6E-12,-187.5E-12
684.0E-3,-1.549E-9,-812.3E-12,-527.2E-12,-385.1E-12,-303.5E-12,-252.5E-12,-218.7E-12,-195.5E-12,-179.1E-12,-167.1E-12,-158.3E-12,-151.6E-12,-146.5E-12,-142.6E-12,-139.6E-12,-137.2E-12,-135.3E-12,-133.8E-12,-132.6E-12,-131.6E-12,-130.8E-12,-130.2E-12,-129.6E-12,-129.2E-12,-128.9E-12,-128.6E-12,-128.3E-12,-128.1E-12,-128.0E-12,-127.8E-12,-127.7E-12,-127.6E-12
696.0E-3,-1.073E-9,-558.2E-12,-360.7E-12,-262.9E-12,-206.9E-12,-171.9E-12,-148.9E-12,-133.0E-12,-121.8E-12,-113.6E-12,-107.6E-12,-103.1E-12,-99.61E-12,-96.95E-12,-94.87E-12,-93.24E-12,-91.95E-12,-90.92E-12,-90.10E-12,-89.43E-12,-88.90E-12,-88.46E-12,-88.10E-12,-87.81E-12,-87.57E-12,-87.37E-12,-87.20E-12,-87.07E-12,-86.95E-12,-86.86E-12,-86.78E-12,-86.71E-12
708.0E-3,-742.0E-12,-383.1E-12,-246.5E-12,-179.2E-12,-140.8E-12,-116.9E-12,-101.1E-12,-90.32E-12,-82.67E-12,-77.13E-12,-73.03E-12,-69.94E-12,-67.60E-12,-65.78E-12,-64.37E-12,-63.26E-12,-62.39E-12,-61.69E-12,-61.12E-12,-60.67E-12,-60.30E-12,-60.00E-12,-59.76E-12,-59.56E-12,-59.39E-12,-59.26E-12,-59.14E-12,-59.05E-12,-58.97E-12,-58.90E-12,-58.85E-12,-58.80E-12
720.0E-3,-512.9E-12,-262.7E-12,-168.3E-12,-122.0E-12,-95.66E-12,-79.34E-12,-68.61E-12,-61.25E-12,-56.04E-12,-52.27E-12,-49.49E-12,-47.39E-12,-45.80E-12,-44.57E-12,-43.61E-12,-42.86E-12,-42.26E-12,-41.78E-12,-41.40E-12,-41.09E-12,-40.84E-12,-40.64E-12,-40.47E-12,-40.33E-12,-40.22E-12,-40.12E-12,-40.05E-12,-39.98E-12,-39.93E-12,-39.88E-12,-39.84E-12,-39.81E-12
732.0E-3,-354.2E-12,-180.0E-12,-114.7E-12,-82.94E-12,-64.94E-12,-53.80E-12,-46.49E-12,-41.48E-12,-37.94E-12,-35.38E-12,-33.49E-12,-32.07E-12,-30.99E-12,-30.16E-12,-29.51E-12,-28.99E-12,-28.59E-12,-28.27E-12,-28.01E-12,-27.80E-12,-27.62E-12,-27.49E-12,-27.37E-12,-27.28E-12,-27.20E-12,-27.13E-12,-27.08E-12,-27.03E-12,-27.00E-12,-26.96E-12,-26.94E-12,-26.91E-12
744.0E-3,-244.5E-12,-123.2E-12,-78.17E-12,-56.35E-12,-44.04E-12,-36.45E-12,-31.47E-12,-28.06E-12,-25.66E-12,-23.93E-12,-22.64E-12,-21.68E-12,-20.95E-12,-20.38E-12,-19.94E-12,-19.59E-12,-19.32E-12,-19.10E-12,-18.92E-12,-18.78E-12,-18.66E-12,-18.57E-12,-18.49E-12,-18.43E-12,-18.37E-12,-18.33E-12,-18.29E-12,-18.26E-12,-18.23E-12,-18.21E-12,-18.19E-12,-18.17E-12
756.0E-3,-168.7E-12,-84.29E-12,-53.23E-12,-38.26E-12,-29.85E-12,-24.67E-12,-21.28E-12,-18.97E-12,-17.34E-12,-16.16E-12,-15.29E-12,-14.64E-12,-14.15E-12,-13.76E-12,-13.46E-12,-13.23E-12,-13.04E-12,-12.89E-12,-12.77E-12,-12.68E-12,-12.60E-12,-12.53E-12,-12.48E-12,-12.44E-12,-12.40E-12,-12.37E-12,-12.34E-12,-12.32E-12,-12.30E-12,-12.29E-12,-12.27E-12,-12.26E-12
768.0E-3,-116.3E-12,-57.64E-12,-36.22E-12,-25.96E-12,-20.21E-12,-16.69E-12,-14.38E-12,-12.81E-12,-11.71E-12,-10.91E-12,-10.32E-12,-9.881E-12,-9.545E-12,-9.286E-12,-9.083E-12,-8.924E-12,-8.798E-12,-8.697E-12,-8.616E-12,-8.550E-12,-8.496E-12,-8.452E-12,-8.416E-12,-8.386E-12,-8.361E-12,-8.340E-12,-8.322E-12,-8.307E-12,-8.295E-12,-8.284E-12,-8.275E-12,-8.267E-12
780.0E-3,-80.16E-12,-39.40E-12,-24.64E-12,-17.60E-12,-13.68E-12,-11.28E-12,-9.716E-12,-8.651E-12,-7.902E-12,-7.361E-12,-6.963E-12,-6.664E-12,-6.436E-12,-6.261E-12,-6.124E-12,-6.017E-12,-5.931E-12,-5.863E-12,-5.808E-12,-5.763E-12,-5.727E-12,-5.697E-12,-5.672E-12,-5.651E-12,-5.634E-12,-5.620E-12,-5.608E-12,-5.598E-12,-5.589E-12,-5.581E-12,-5.575E-12,-5.569E-12
792.0E-3,-55.24E-12,-26.92E-12,-16.75E-12,-11.93E-12,-9.257E-12,-7.622E-12,-6.559E-12,-5.837E-12,-5.330E-12,-4.964E-12,-4.694E-12,-4.492E-12,-4.338E-12,-4.219E-12,-4.127E-12,-4.054E-12,-3.996E-12,-3.950E-12,-3.913E-12,-3.882E-12,-3.858E-12,-3.837E-12,-3.820E-12,-3.806E-12,-3.795E-12,-3.785E-12,-3.777E-12,-3.769E-12,-3.763E-12,-3.758E-12,-3.754E-12,-3.750E-12
804.0E-3,-38.05E-12,-18.38E-12,-11.38E-12,-8.085E-12,-6.260E-12,-5.148E-12,-4.427E-12,-3.937E-12,-3.593E-12,-3.345E-12,-3.163E-12,-3.026E-12,-2.922E-12,-2.842E-12,-2.780E-12,-2.730E-12,-2.691E-12,-2.660E-12,-2.635E-12,-2.614E-12,-2.597E-12,-2.584E-12,-2.572E-12,-2.563E-12,-2.555E-12,-2.548E-12,-2.542E-12,-2.537E-12,-2.533E-12,-2.530E-12,-2.526E-12,-2.524E-12
816.0E-3,-26.20E-12,-12.55E-12,-7.735E-12,-5.477E-12,-4.232E-12,-3.476E-12,-2.986E-12,-2.654E-12,-2.422E-12,-2.254E-12,-2.131E-12,-2.038E-12,-1.968E-12,-1.914E-12,-1.872E-12,-1.838E-12,-1.812E-12,-1.791E-12,-1.773E-12,-1.760E-12,-1.748E-12,-1.739E-12,-1.731E-12,-1.724E-12,-1.719E-12,-1.714E-12,-1.711E-12,-1.707E-12,-1.704E-12,-1.702E-12,-1.700E-12,-1.698E-12
828.0E-3,-18.04E-12,-8.570E-12,-5.254E-12,-3.709E-12,-2.861E-12,-2.346E-12,-2.014E-12,-1.789E-12,-1.631E-12,-1.518E-12,-1.435E-12,-1.372E-12,-1.325E-12,-1.288E-12,-1.260E-12,-1.237E-12,-1.219E-12,-1.205E-12,-1.193E-12,-1.184E-12,-1.176E-12,-1.170E-12,-1.165E-12,-1.160E-12,-1.156E-12,-1.153E-12,-1.151E-12,-1.148E-12,-1.146E-12,-1.145E-12,-1.143E-12,-1.142E-12
840.0E-3,-12.42E-12,-5.850E-12,-3.568E-12,-2.511E-12,-1.933E-12,-1.583E-12,-1.358E-12,-1.205E-12,-1.099E-12,-1.022E-12,-965.9E-15,-923.7E-15,-891.6E-15,-866.9E-15,-847.6E-15,-832.4E-15,-820.3E-15,-810.6E-15,-802.8E-15,-796.4E-15,-791.2E-15,-786.8E-15,-783.2E-15,-780.2E-15,-777.7E-15,-775.5E-15,-773.7E-15,-772.1E-15,-770.8E-15,-769.6E-15,-768.6E-15,-767.7E-15
852.0E-3,-8.549E-12,-3.992E-12,-2.423E-12,-1.700E-12,-1.306E-12,-1.068E-12,-915.4E-15,-812.1E-15,-740.0E-15,-688.2E-15,-650.1E-15,-621.6E-15,-600.0E-15,-583.3E-15,-570.2E-15,-560.0E-15,-551.8E-15,-545.3E-15,-539.9E-15,-535.6E-15,-532.1E-15,-529.1E-15,-526.7E-15,-524.6E-15,-522.9E-15,-521.4E-15,-520.2E-15,-519.1E-15,-518.2E-15,-517.4E-15,-516.7E-15,-516.0E-15
864.0E-3,-5.884E-12,-2.724E-12,-1.645E-12,-1.151E-12,-882.1E-15,-720.7E-15,-617.0E-15,-547.1E-15,-498.3E-15,-463.2E-15,-437.5E-15,-418.3E-15,-403.6E-15,-392.4E-15,-383.6E-15,-376.6E-15,-371.1E-15,-366.7E-15,-363.1E-15,-360.2E-15,-357.8E-15,-355.8E-15,-354.1E-15,-352.7E-15,-351.5E-15,-350.5E-15,-349.7E-15,-348.9E-15,-348.3E-15,-347.7E-15,-347.3E-15,-346.8E-15
876.0E-3,-4.049E-12,-1.859E-12,-1.117E-12,-778.7E-15,-595.8E-15,-486.2E-15,-415.8E-15,-368.5E-15,-335.5E-15,-311.8E-15,-294.4E-15,-281.4E-15,-271.5E-15,-263.9E-15,-258.0E-15,-253.3E-15,-249.6E-15,-246.6E-15,-244.1E-15,-242.2E-15,-240.5E-15,-239.2E-15,-238.0E-15,-237.1E-15,-236.3E-15,-235.6E-15,-235.0E-15,-234.5E-15,-234.1E-15,-233.7E-15,-233.4E-15,-233.1E-15
888.0E-3,-2.787E-12,-1.268E-12,-758.2E-15,-527.0E-15,-402.4E-15,-327.9E-15,-280.2E-15,-248.1E-15,-225.8E-15,-209.8E-15,-198.1E-15,-189.3E-15,-182.6E-15,-177.5E-15,-173.5E-15,-170.3E-15,-167.8E-15,-165.8E-15,-164.1E-15,-162.8E-15,-161.7E-15,-160.8E-15,-160.0E-15,-159.4E-15,-158.8E-15,-158.4E-15,-158.0E-15,-157.6E-15,-157.3E-15,-157.0E-15,-156.8E-15,-156.6E-15
900.0E-3,-1.917E-12,-865.2E-15,-514.7E-15,-356.6E-15,-271.8E-15,-221.2E-15,-188.8E-15,-167.1E-15,-152.0E-15,-141.2E-15,-133.3E-15,-127.3E-15,-122.8E-15,-119.4E-15,-116.7E-15,-114.5E-15,-112.8E-15,-111.5E-15,-110.3E-15,-109.4E-15,-108.7E-15,-108.1E-15,-107.5E-15,-107.1E-15,-106.7E-15,-106.4E-15,-106.1E-15,-105.9E-15,-105.7E-15,-105.5E-15,-105.4E-15,-105.2E-15
912.0E-3,-1.319E-12,-590.3E-15,-349.3E-15,-241.3E-15,-183.5E-15,-149.1E-15,-127.2E-15,-112.5E-15,-102.3E-15,-95.00E-15,-89.65E-15,-85.65E-15,-82.61E-15,-80.27E-15,-78.45E-15,-77.00E-15,-75.85E-15,-74.93E-15,-74.18E-15,-73.56E-15,-73.06E-15,-72.63E-15,-72.28E-15,-71.98E-15,-71.73E-15,-71.51E-15,-71.33E-15,-71.17E-15,-71.03E-15,-70.90E-15,-70.79E-15,-70.69E-15
924.0E-3,-907.8E-15,-402.7E-15,-237.1E-15,-163.3E-15,-123.9E-15,-100.6E-15,-85.72E-15,-75.77E-15,-68.86E-15,-63.92E-15,-60.31E-15,-57.61E-15,-55.56E-15,-53.98E-15,-52.75E-15,-51.77E-15,-51.00E-15,-50.37E-15,-49.86E-15,-49.45E-15,-49.10E-15,-48.82E-15,-48.58E-15,-48.37E-15,-48.20E-15,-48.06E-15,-47.93E-15,-47.82E-15,-47.72E-15,-47.64E-15,-47.56E-15,-47.49E-15
936.0E-3,-624.6E-15,-274.7E-15,-160.9E-15,-110.5E-15,-83.68E-15,-67.83E-15,-57.75E-15,-51.02E-15,-46.35E-15,-43.01E-15,-40.57E-15,-38.75E-15,-37.36E-15,-36.30E-15,-35.46E-15,-34.81E-15,-34.28E-15,-33.86E-15,-33.52E-15,-33.24E-15,-33.00E-15,-32.81E-15,-32.65E-15,-32.51E-15,-32.39E-15,-32.29E-15,-32.21E-15,-32.13E-15,-32.06E-15,-32.01E-15,-31.95E-15,-31.91E-15
948.0E-3,-429.7E-15,-187.4E-15,-109.2E-15,-74.74E-15,-56.51E-15,-45.74E-15,-38.91E-15,-34.35E-15,-31.19E-15,-28.94E-15,-27.29E-15,-26.06E-15,-25.13E-15,-24.41E-15,-23.85E-15,-23.40E-15,-23.05E-15,-22.76E-15,-22.53E-15,-22.34E-15,-22.18E-15,-22.05E-15,-21.94E-15,-21.85E-15,-21.77E-15,-21.70E-15,-21.64E-15,-21.59E-15,-21.54E-15,-21.50E-15,-21.47E-15,-21.44E-15
960.0E-3,-295.7E-15,-127.8E-15,-74.13E-15,-50.57E-15,-38.15E-15,-30.84E-15,-26.22E-15,-23.13E-15,-21.00E-15,-19.47E-15,-18.36E-15,-17.53E-15,-16.90E-15,-16.41E-15,-16.03E-15,-15.73E-15,-15.50E-15,-15.30E-15,-15.15E-15,-15.02E-15,-14.91E-15,-14.82E-15,-14.75E-15,-14.68E-15,-14.63E-15,-14.58E-15,-14.54E-15,-14.51E-15,-14.48E-15,-14.45E-15,-14.42E-15,-14.40E-15
972.0E-3,-203.4E-15,-87.18E-15,-50.31E-15,-34.22E-15,-25.76E-15,-20.80E-15,-17.66E-15,-15.58E-15,-14.13E-15,-13.10E-15,-12.35E-15,-11.79E-15,-11.37E-15,-11.04E-15,-10.78E-15,-10.58E-15,-10.42E-15,-10.29E-15,-10.18E-15,-10.10E-15,-10.02E-15,-9.963E-15,-9.911E-15,-9.868E-15,-9.831E-15,-9.800E-15,-9.772E-15,-9.748E-15,-9.727E-15,-9.709E-15,-9.692E-15,-9.677E-15
984.0E-3,-140.0E-15,-59.47E-15,-34.14E-15,-23.15E-15,-17.40E-15,-14.03E-15,-11.90E-15,-10.49E-15,-9.513E-15,-8.818E-15,-8.311E-15,-7.932E-15,-7.645E-15,-7.424E-15,-7.251E-15,-7.115E-15,-7.006E-15,-6.918E-15,-6.846E-15,-6.787E-15,-6.739E-15,-6.698E-15,-6.662E-15,-6.633E-15,-6.608E-15,-6.587E-15,-6.568E-15,-6.552E-15,-6.538E-15,-6.525E-15,-6.514E-15,-6.503E-15
996.0E-3,-96.29E-15,-40.57E-15,-23.17E-15,-15.67E-15,-11.75E-15,-9.462E-15,-8.021E-15,-7.065E-15,-6.405E-15,-5.935E-15,-5.593E-15,-5.337E-15,-5.144E-15,-4.994E-15,-4.878E-15,-4.786E-15,-4.712E-15,-4.653E-15,-4.604E-15,-4.565E-15,-4.532E-15,-4.504E-15,-4.480E-15,-4.460E-15,-4.443E-15,-4.428E-15,-4.416E-15,-4.405E-15,-4.395E-15,-4.386E-15,-4.379E-15,-4.372E-15
1.008,-66.24E-15,-27.67E-15,-15.73E-15,-10.60E-15,-7.936E-15,-6.383E-15,-5.406E-15,-4.760E-15,-4.313E-15,-3.996E-15,-3.765E-15,-3.592E-15,-3.462E-15,-3.361E-15,-3.282E-15,-3.220E-15,-3.171E-15,-3.131E-15,-3.098E-15,-3.071E-15,-3.048E-15,-3.030E-15,-3.013E-15,-3.000E-15,-2.988E-15,-2.978E-15,-2.970E-15,-2.962E-15,-2.956E-15,-2.950E-15,-2.945E-15,-2.940E-15
1.020,-45.58E-15,-18.88E-15,-10.68E-15,-7.175E-15,-5.361E-15,-4.307E-15,-3.645E-15,-3.208E-15,-2.906E-15,-2.692E-15,-2.535E-15,-2.419E-15,-2.331E-15,-2.263E-15,-2.210E-15,-2.168E-15,-2.134E-15,-2.107E-15,-2.085E-15,-2.067E-15,-2.052E-15,-2.039E-15,-2.027E-15,-2.018E-15,-2.011E-15,-2.004E-15,-1.998E-15,-1.993E-15,-1.989E-15,-1.985E-15,-1.981E-15,-1.978E-15
1.032,-31.36E-15,-12.88E-15,-7.250E-15,-4.857E-15,-3.623E-15,-2.907E-15,-2.459E-15,-2.163E-15,-1.959E-15,-1.814E-15,-1.709E-15,-1.630E-15,-1.571E-15,-1.525E-15,-1.489E-15,-1.461E-15,-1.438E-15,-1.420E-15,-1.405E-15,-1.392E-15,-1.382E-15,-1.374E-15,-1.365E-15,-1.359E-15,-1.354E-15,-1.350E-15,-1.346E-15,-1.342E-15,-1.339E-15,-1.337E-15,-1.334E-15,-1.332E-15
1.044,-21.58E-15,-8.788E-15,-4.923E-15,-3.289E-15,-2.449E-15,-1.964E-15,-1.660E-15,-1.459E-15,-1.322E-15,-1.224E-15,-1.153E-15,-1.100E-15,-1.059E-15,-1.029E-15,-1.004E-15,-985.3E-18,-970.0E-18,-957.6E-18,-947.5E-18,-939.2E-18,-932.3E-18,-926.4E-18,-920.5E-18,-916.4E-18,-913.0E-18,-910.0E-18,-907.4E-18,-905.2E-18,-903.2E-18,-901.4E-18,-899.9E-18,-898.4E-18
1.056,-14.85E-15,-5.997E-15,-3.344E-15,-2.229E-15,-1.657E-15,-1.327E-15,-1.122E-15,-985.9E-18,-892.8E-18,-826.7E-18,-778.6E-18,-742.9E-18,-715.8E-18,-694.9E-18,-678.6E-18,-665.7E-18,-655.4E-18,-647.1E-18,-640.2E-18,-634.6E-18,-629.9E-18,-626.0E-18,-621.6E-18,-618.9E-18,-616.6E-18,-614.7E-18,-613.0E-18,-611.5E-18,-610.2E-18,-609.0E-18,-608.0E-18,-607.1E-18
1.068,-10.22E-15,-4.094E-15,-2.273E-15,-1.511E-15,-1.122E-15,-898.3E-18,-758.9E-18,-667.2E-18,-604.2E-18,-559.6E-18,-527.1E-18,-503.0E-18,-484.7E-18,-470.7E-18,-459.7E-18,-451.0E-18,-444.0E-18,-438.4E-18,-433.7E-18,-429.9E-18,-426.8E-18,-424.1E-18,-420.8E-18,-419.0E-18,-417.5E-18,-416.2E-18,-415.1E-18,-414.2E-18,-413.4E-18,-412.6E-18,-412.0E-18,-411.4E-18
1.080,-7.032E-15,-2.795E-15,-1.546E-15,-1.026E-15,-761.0E-18,-609.1E-18,-514.7E-18,-452.6E-18,-410.0E-18,-379.9E-18,-358.0E-18,-341.7E-18,-329.4E-18,-319.9E-18,-312.5E-18,-306.6E-18,-301.9E-18,-298.1E-18,-295.0E-18,-292.4E-18,-290.3E-18,-288.4E-18,-285.9E-18,-284.7E-18,-283.8E-18,-283.0E-18,-282.3E-18,-281.7E-18,-281.2E-18,-280.7E-18,-280.3E-18,-280.0E-18
1.092,-4.841E-15,-1.910E-15,-1.052E-15,-697.2E-18,-517.2E-18,-414.1E-18,-350.2E-18,-308.1E-18,-279.4E-18,-259.0E-18,-244.2E-18,-233.3E-18,-224.9E-18,-218.5E-18,-213.5E-18,-209.6E-18,-206.4E-18,-203.8E-18,-201.7E-18,-200.0E-18,-198.5E-18,-197.3E-18,-195.2E-18,-194.5E-18,-193.9E-18,-193.4E-18,-193.0E-18,-192.7E-18,-192.4E-18,-192.1E-18,-191.9E-18,-191.7E-18
1.104,-3.333E-15,-1.306E-15,-717.5E-18,-475.1E-18,-352.7E-18,-282.7E-18,-239.3E-18,-210.9E-18,-191.5E-18,-177.7E-18,-167.8E-18,-160.3E-18,-154.7E-18,-150.4E-18,-147.0E-18,-144.4E-18,-142.2E-18,-140.5E-18,-139.1E-18,-137.9E-18,-136.9E-18,-136.1E-18,-134.4E-18,-133.9E-18,-133.6E-18,-133.3E-18,-133.0E-18,-132.9E-18,-132.7E-18,-132.6E-18,-132.5E-18,-132.4E-18
1.116,-2.297E-15,-894.2E-18,-490.3E-18,-324.8E-18,-241.5E-18,-194.1E-18,-164.7E-18,-145.5E-18,-132.3E-18,-123.0E-18,-116.3E-18,-111.3E-18,-107.5E-18,-104.6E-18,-102.3E-18,-100.5E-18,-99.08E-18,-97.91E-18,-96.95E-18,-96.16E-18,-95.49E-18,-94.94E-18,-93.44E-18,-93.20E-18,-93.01E-18,-92.88E-18,-92.77E-18,-92.70E-18,-92.66E-18,-92.63E-18,-92.63E-18,-92.64E-18
1.128,-1.583E-15,-613.3E-18,-336.2E-18,-223.2E-18,-166.5E-18,-134.3E-18,-114.4E-18,-101.4E-18,-92.53E-18,-86.26E-18,-81.71E-18,-78.34E-18,-75.78E-18,-73.82E-18,-72.28E-18,-71.07E-18,-70.09E-18,-69.30E-18,-68.66E-18,-68.12E-18,-67.67E-18,-67.29E-18,-65.95E-18,-65.84E-18,-65.77E-18,-65.73E-18,-65.72E-18,-65.73E-18,-65.75E-18,-65.79E-18,-65.84E-18,-65.90E-18
1.140,-1.092E-15,-421.7E-18,-231.5E-18,-154.4E-18,-115.9E-18,-94.02E-18,-80.54E-18,-71.75E-18,-65.75E-18,-61.51E-18,-58.44E-18,-56.17E-18,-54.45E-18,-53.12E-18,-52.09E-18,-51.27E-18,-50.61E-18,-50.08E-18,-49.64E-18,-49.28E-18,-48.98E-18,-48.72E-18,-47.48E-18,-47.47E-18,-47.47E-18,-47.50E-18,-47.55E-18,-47.61E-18,-47.68E-18,-47.76E-18,-47.85E-18,-47.94E-18
1.152,-754.9E-18,-291.0E-18,-160.5E-18,-107.9E-18,-81.69E-18,-66.86E-18,-57.73E-18,-51.78E-18,-47.73E-18,-44.87E-18,-42.80E-18,-41.26E-18,-40.10E-18,-39.21E-18,-38.51E-18,-37.96E-18,-37.52E-18,-37.16E-18,-36.86E-18,-36.62E-18,-36.42E-18,-36.24E-18,-35.08E-18,-35.12E-18,-35.18E-18,-35.25E-18,-35.34E-18,-35.43E-18,-35.54E-18,-35.65E-18,-35.76E-18,-35.88E-18
1.164,-522.6E-18,-201.8E-18,-112.4E-18,-76.44E-18,-58.61E-18,-48.55E-18,-42.37E-18,-38.34E-18,-35.60E-18,-33.67E-18,-32.28E-18,-31.24E-18,-30.46E-18,-29.86E-18,-29.39E-18,-29.01E-18,-28.72E-18,-28.47E-18,-28.28E-18,-28.11E-18,-27.98E-18,-27.86E-18,-26.74E-18,-26.83E-18,-26.92E-18,-27.03E-18,-27.14E-18,-27.26E-18,-27.38E-18,-27.51E-18,-27.65E-18,-27.78E-18
1.176,-362.8E-18,-141.0E-18,-79.67E-18,-55.16E-18,-43.03E-18,-36.20E-18,-32.02E-18,-29.29E-18,-27.44E-18,-26.14E-18,-25.20E-18,-24.50E-18,-23.97E-18,-23.57E-18,-23.25E-18,-23.00E-18,-22.80E-18,-22.64E-18,-22.51E-18,-22.40E-18,-22.31E-18,-22.23E-18,-21.14E-18,-21.25E-18,-21.37E-18,-21.50E-18,-21.63E-18,-21.77E-18,-21.91E-18,-22.05E-18,-22.20E-18,-22.34E-18
1.188,-252.9E-18,-99.58E-18,-57.48E-18,-40.76E-18,-32.51E-18,-27.88E-18,-25.04E-18,-23.20E-18,-21.95E-18,-21.08E-18,-20.44E-18,-19.97E-18,-19.62E-18,-19.34E-18,-19.13E-18,-18.96E-18,-18.83E-18,-18.72E-18,-18.63E-18,-18.56E-18,-18.50E-18,-18.44E-18,-17.38E-18,-17.51E-18,-17.65E-18,-17.79E-18,-17.93E-18,-18.08E-18,-18.23E-18,-18.38E-18,-18.53E-18,-18.69E-18
1.200,-177.3E-18,-71.31E-18,-42.43E-18,-31.02E-18,-25.41E-18,-22.27E-18,-20.35E-18,-19.10E-18,-18.26E-18,-17.67E-18,-17.24E-18,-16.92E-18,-16.68E-18,-16.50E-18,-16.36E-18,-16.25E-18,-16.16E-18,-16.08E-18,-16.02E-18,-15.98E-18,-15.93E-18,-15.90E-18,-14.85E-18,-15.00E-18,-15.14E-18,-15.29E-18,-15.45E-18,-15.60E-18,-15.76E-18,-15.92E-18,-16.08E-18,-16.24E-18
